fecha,busquedas,visitas,festivo,festividad
2015-01-01,62,37,1,AñoNuevo
2015-01-02,46,20,0,
2015-01-03,58,35,0,
2015-01-04,41,30,0,
2015-01-05,42,30,0,
2015-01-06,62,37,0,
2015-01-07,51,38,0,
2015-01-08,48,29,0,
2015-01-09,53,32,0,
2015-01-10,59,26,0,
2015-01-11,50,39,0,
2015-01-12,52,38,0,
2015-01-13,41,21,0,
2015-01-14,51,35,0,
2015-01-15,50,39,0,
2015-01-16,55,33,0,
2015-01-17,36,17,0,
2015-01-18,59,34,0,
2015-01-19,55,36,0,
2015-01-20,51,36,0,
2015-01-21,37,28,0,
2015-01-22,42,22,0,
2015-01-23,53,35,0,
2015-01-24,40,29,0,
2015-01-25,56,24,0,
2015-01-26,51,30,0,
2015-01-27,49,38,0,
2015-01-28,56,31,0,
2015-01-29,39,17,0,
2015-01-30,49,24,0,
2015-01-31,33,25,0,
2015-02-01,44,33,0,
2015-02-02,53,28,0,
2015-02-03,50,28,0,
2015-02-04,51,24,0,
2015-02-05,123,51,1,DíaConstitución
2015-02-06,47,35,0,
2015-02-07,52,34,0,
2015-02-08,55,28,0,
2015-02-09,51,27,0,
2015-02-10,65,39,0,
2015-02-11,37,22,0,
2015-02-12,48,34,0,
2015-02-13,51,21,0,
2015-02-14,45,22,0,
2015-02-15,46,29,0,
2015-02-16,57,31,0,
2015-02-17,51,33,0,
2015-02-18,49,20,0,
2015-02-19,62,32,0,
2015-02-20,51,32,0,
2015-02-21,54,37,0,
2015-02-22,42,22,0,
2015-02-23,46,36,0,
2015-02-24,51,32,0,
2015-02-25,58,37,0,
2015-02-26,49,34,0,
2015-02-27,57,24,0,
2015-02-28,47,26,0,
2015-03-01,53,36,0,
2015-03-02,51,35,0,
2015-03-03,50,22,0,
2015-03-04,53,35,0,
2015-03-05,51,32,0,
2015-03-06,47,36,0,
2015-03-07,56,43,0,
2015-03-08,47,19,0,
2015-03-09,36,21,0,
2015-03-10,53,39,0,
2015-03-11,40,31,0,
2015-03-12,47,34,0,
2015-03-13,42,32,0,
2015-03-14,51,30,0,
2015-03-15,50,34,0,
2015-03-16,50,30,0,
2015-03-17,51,31,0,
2015-03-18,44,24,0,
2015-03-19,56,40,0,
2015-03-20,54,38,0,
2015-03-21,129,85,1,BenitoJuárez
2015-03-22,54,22,0,
2015-03-23,51,21,0,
2015-03-24,49,20,0,
2015-03-25,59,34,0,
2015-03-26,61,39,0,
2015-03-27,45,33,0,
2015-03-28,45,21,0,
2015-03-29,36,24,0,
2015-03-30,63,40,0,
2015-03-31,45,32,0,
2015-04-01,40,31,0,
2015-04-02,51,21,0,
2015-04-03,140,92,1,SemanaSanta
2015-04-04,42,26,0,
2015-04-05,46,31,0,
2015-04-06,55,42,0,
2015-04-07,39,19,0,
2015-04-08,46,24,0,
2015-04-09,49,27,0,
2015-04-10,45,29,0,
2015-04-11,50,21,0,
2015-04-12,55,37,0,
2015-04-13,60,42,0,
2015-04-14,46,23,0,
2015-04-15,52,33,0,
2015-04-16,38,23,0,
2015-04-17,48,22,0,
2015-04-18,45,31,0,
2015-04-19,47,22,0,
2015-04-20,47,29,0,
2015-04-21,59,25,0,
2015-04-22,41,26,0,
2015-04-23,59,28,0,
2015-04-24,61,25,0,
2015-04-25,45,35,0,
2015-04-26,65,30,0,
2015-04-27,44,33,0,
2015-04-28,44,18,0,
2015-04-29,62,48,0,
2015-04-30,59,43,0,
2015-05-01,53,40,0,
2015-05-02,56,27,0,
2015-05-03,47,23,0,
2015-05-04,57,44,0,
2015-05-05,62,27,0,
2015-05-06,51,24,0,
2015-05-07,50,33,0,
2015-05-08,61,39,0,
2015-05-09,54,29,0,
2015-05-10,100,50,1,DíaMadre
2015-05-11,51,40,0,
2015-05-12,40,20,0,
2015-05-13,67,52,0,
2015-05-14,50,33,0,
2015-05-15,55,26,0,
2015-05-16,52,24,0,
2015-05-17,46,18,0,
2015-05-18,44,18,0,
2015-05-19,46,23,0,
2015-05-20,63,27,0,
2015-05-21,45,20,0,
2015-05-22,47,32,0,
2015-05-23,40,22,0,
2015-05-24,44,19,0,
2015-05-25,47,35,0,
2015-05-26,53,35,0,
2015-05-27,52,24,0,
2015-05-28,56,33,0,
2015-05-29,53,39,0,
2015-05-30,47,27,0,
2015-05-31,58,40,0,
2015-06-01,46,26,0,
2015-06-02,44,24,0,
2015-06-03,43,24,0,
2015-06-04,42,19,0,
2015-06-05,53,29,0,
2015-06-06,41,30,0,
2015-06-07,41,17,0,
2015-06-08,40,19,0,
2015-06-09,57,39,0,
2015-06-10,47,35,0,
2015-06-11,57,34,0,
2015-06-12,56,31,0,
2015-06-13,59,45,0,
2015-06-14,44,35,0,
2015-06-15,47,25,0,
2015-06-16,54,34,0,
2015-06-17,53,32,0,
2015-06-18,56,34,0,
2015-06-19,57,27,0,
2015-06-20,45,18,0,
2015-06-21,88,55,1,DíaPadre
2015-06-22,54,34,0,
2015-06-23,46,29,0,
2015-06-24,47,24,0,
2015-06-25,49,27,0,
2015-06-26,46,27,0,
2015-06-27,65,50,0,
2015-06-28,42,31,0,
2015-06-29,52,30,0,
2015-06-30,58,25,0,
2015-07-01,56,23,0,
2015-07-02,46,30,0,
2015-07-03,56,29,0,
2015-07-04,53,41,0,
2015-07-05,53,24,0,
2015-07-06,53,40,0,
2015-07-07,57,32,0,
2015-07-08,43,17,0,
2015-07-09,52,22,0,
2015-07-10,62,44,0,
2015-07-11,47,30,0,
2015-07-12,51,26,0,
2015-07-13,51,40,0,
2015-07-14,46,30,0,
2015-07-15,45,23,0,
2015-07-16,37,23,0,
2015-07-17,42,26,0,
2015-07-18,49,38,0,
2015-07-19,46,36,0,
2015-07-20,51,32,0,
2015-07-21,58,42,0,
2015-07-22,51,28,0,
2015-07-23,45,28,0,
2015-07-24,54,28,0,
2015-07-25,34,18,0,
2015-07-26,49,33,0,
2015-07-27,50,31,0,
2015-07-28,47,33,0,
2015-07-29,55,37,0,
2015-07-30,48,19,0,
2015-07-31,51,33,0,
2015-08-01,41,24,0,
2015-08-02,61,43,0,
2015-08-03,53,23,0,
2015-08-04,49,31,0,
2015-08-05,49,28,0,
2015-08-06,55,26,0,
2015-08-07,60,47,0,
2015-08-08,48,19,0,
2015-08-09,44,21,0,
2015-08-10,50,33,0,
2015-08-11,44,34,0,
2015-08-12,51,21,0,
2015-08-13,55,34,0,
2015-08-14,51,35,0,
2015-08-15,56,44,0,
2015-08-16,41,25,0,
2015-08-17,64,50,0,
2015-08-18,36,25,0,
2015-08-19,50,20,0,
2015-08-20,47,33,0,
2015-08-21,51,35,0,
2015-08-22,46,31,0,
2015-08-23,50,21,0,
2015-08-24,62,30,0,
2015-08-25,61,32,0,
2015-08-26,63,32,0,
2015-08-27,53,36,0,
2015-08-28,53,25,0,
2015-08-29,45,25,0,
2015-08-30,63,49,0,
2015-08-31,61,45,0,
2015-09-01,49,33,0,
2015-09-02,65,46,0,
2015-09-03,47,27,0,
2015-09-04,56,34,0,
2015-09-05,38,30,0,
2015-09-06,46,30,0,
2015-09-07,39,20,0,
2015-09-08,51,23,0,
2015-09-09,64,45,0,
2015-09-10,47,34,0,
2015-09-11,50,34,0,
2015-09-12,61,28,0,
2015-09-13,50,26,0,
2015-09-14,55,22,0,
2015-09-15,55,39,0,
2015-09-16,140,82,1,DíaIndependencia
2015-09-17,50,24,0,
2015-09-18,44,23,0,
2015-09-19,47,35,0,
2015-09-20,42,28,0,
2015-09-21,46,23,0,
2015-09-22,56,38,0,
2015-09-23,52,35,0,
2015-09-24,41,32,0,
2015-09-25,51,28,0,
2015-09-26,67,42,0,
2015-09-27,48,32,0,
2015-09-28,37,20,0,
2015-09-29,55,41,0,
2015-09-30,51,24,0,
2015-10-01,48,20,0,
2015-10-02,40,27,0,
2015-10-03,54,41,0,
2015-10-04,59,39,0,
2015-10-05,48,36,0,
2015-10-06,52,22,0,
2015-10-07,49,30,0,
2015-10-08,58,30,0,
2015-10-09,55,43,0,
2015-10-10,50,32,0,
2015-10-11,51,25,0,
2015-10-12,53,35,0,
2015-10-13,59,43,0,
2015-10-14,41,22,0,
2015-10-15,57,29,0,
2015-10-16,48,36,0,
2015-10-17,53,21,0,
2015-10-18,57,36,0,
2015-10-19,38,21,0,
2015-10-20,50,35,0,
2015-10-21,39,29,0,
2015-10-22,53,38,0,
2015-10-23,55,43,0,
2015-10-24,49,38,0,
2015-10-25,61,40,0,
2015-10-26,56,41,0,
2015-10-27,54,41,0,
2015-10-28,53,39,0,
2015-10-29,50,23,0,
2015-10-30,46,25,0,
2015-10-31,51,40,0,
2015-11-01,45,27,0,
2015-11-02,144,111,1,DíaMuertos
2015-11-03,50,33,0,
2015-11-04,54,38,0,
2015-11-05,37,19,0,
2015-11-06,44,28,0,
2015-11-07,35,22,0,
2015-11-08,48,30,0,
2015-11-09,48,28,0,
2015-11-10,60,26,0,
2015-11-11,55,34,0,
2015-11-12,43,19,0,
2015-11-13,42,16,0,
2015-11-14,56,28,0,
2015-11-15,53,29,0,
2015-11-16,57,28,0,
2015-11-17,45,27,0,
2015-11-18,49,36,0,
2015-11-19,37,23,0,
2015-11-20,141,69,1,RevoluciónMexicana
2015-11-21,56,30,0,
2015-11-22,60,28,0,
2015-11-23,58,37,0,
2015-11-24,58,35,0,
2015-11-25,57,30,0,
2015-11-26,49,25,0,
2015-11-27,58,43,0,
2015-11-28,53,34,0,
2015-11-29,55,43,0,
2015-11-30,44,33,0,
2015-12-01,49,20,0,
2015-12-02,42,29,0,
2015-12-03,40,22,0,
2015-12-04,63,35,0,
2015-12-05,45,22,0,
2015-12-06,54,31,0,
2015-12-07,58,42,0,
2015-12-08,61,29,0,
2015-12-09,42,18,0,
2015-12-10,48,22,0,
2015-12-11,46,31,0,
2015-12-12,44,27,0,
2015-12-13,52,23,0,
2015-12-14,42,25,0,
2015-12-15,47,23,0,
2015-12-16,51,29,0,
2015-12-17,47,32,0,
2015-12-18,51,21,0,
2015-12-19,54,37,0,
2015-12-20,43,25,0,
2015-12-21,39,27,0,
2015-12-22,48,31,0,
2015-12-23,41,17,0,
2015-12-24,39,29,0,
2015-12-25,120,94,1,Navidad
2015-12-26,57,36,0,
2015-12-27,45,22,0,
2015-12-28,46,21,0,
2015-12-29,50,39,0,
2015-12-30,65,45,0,
2015-12-31,50,25,0,
2016-01-01,119,91,1,AñoNuevo
2016-01-02,51,39,0,
2016-01-03,42,28,0,
2016-01-04,51,24,0,
2016-01-05,43,19,0,
2016-01-06,52,26,0,
2016-01-07,33,23,0,
2016-01-08,47,33,0,
2016-01-09,70,43,0,
2016-01-10,52,26,0,
2016-01-11,70,28,0,
2016-01-12,48,19,0,
2016-01-13,59,32,0,
2016-01-14,52,31,0,
2016-01-15,58,40,0,
2016-01-16,61,32,0,
2016-01-17,41,19,0,
2016-01-18,65,41,0,
2016-01-19,50,30,0,
2016-01-20,56,34,0,
2016-01-21,52,31,0,
2016-01-22,47,33,0,
2016-01-23,51,37,0,
2016-01-24,52,32,0,
2016-01-25,43,27,0,
2016-01-26,43,29,0,
2016-01-27,41,18,0,
2016-01-28,60,44,0,
2016-01-29,76,33,0,
2016-01-30,40,21,0,
2016-01-31,41,26,0,
2016-02-01,46,22,0,
2016-02-02,41,19,0,
2016-02-03,53,30,0,
2016-02-04,47,35,0,
2016-02-05,88,45,1,DíaConstitución
2016-02-06,42,22,0,
2016-02-07,60,35,0,
2016-02-08,48,23,0,
2016-02-09,58,29,0,
2016-02-10,52,32,0,
2016-02-11,43,19,0,
2016-02-12,54,26,0,
2016-02-13,49,39,0,
2016-02-14,41,18,0,
2016-02-15,48,21,0,
2016-02-16,49,30,0,
2016-02-17,43,21,0,
2016-02-18,59,29,0,
2016-02-19,52,34,0,
2016-02-20,49,28,0,
2016-02-21,38,17,0,
2016-02-22,38,15,0,
2016-02-23,43,31,0,
2016-02-24,54,25,0,
2016-02-25,57,30,0,
2016-02-26,54,29,0,
2016-02-27,47,19,0,
2016-02-28,54,29,0,
2016-02-29,47,31,0,
2016-03-01,58,44,0,
2016-03-02,48,22,0,
2016-03-03,50,20,0,
2016-03-04,46,31,0,
2016-03-05,43,19,0,
2016-03-06,48,22,0,
2016-03-07,52,34,0,
2016-03-08,70,40,0,
2016-03-09,50,29,0,
2016-03-10,63,28,0,
2016-03-11,56,29,0,
2016-03-12,43,29,0,
2016-03-13,55,31,0,
2016-03-14,38,25,0,
2016-03-15,50,33,0,
2016-03-16,45,26,0,
2016-03-17,61,44,0,
2016-03-18,69,54,0,
2016-03-19,53,32,0,
2016-03-20,54,27,0,
2016-03-21,108,64,1,BenitoJuárez
2016-03-22,52,25,0,
2016-03-23,47,19,0,
2016-03-24,53,33,0,
2016-03-25,137,97,1,SemanaSanta
2016-03-26,55,37,0,
2016-03-27,52,38,0,
2016-03-28,40,30,0,
2016-03-29,38,28,0,
2016-03-30,52,29,0,
2016-03-31,44,34,0,
2016-04-01,58,38,0,
2016-04-02,62,45,0,
2016-04-03,46,33,0,
2016-04-04,42,29,0,
2016-04-05,36,23,0,
2016-04-06,45,33,0,
2016-04-07,49,31,0,
2016-04-08,44,21,0,
2016-04-09,55,34,0,
2016-04-10,51,38,0,
2016-04-11,42,22,0,
2016-04-12,54,40,0,
2016-04-13,52,40,0,
2016-04-14,54,39,0,
2016-04-15,50,31,0,
2016-04-16,50,32,0,
2016-04-17,62,33,0,
2016-04-18,47,32,0,
2016-04-19,50,22,0,
2016-04-20,55,40,0,
2016-04-21,53,37,0,
2016-04-22,45,31,0,
2016-04-23,54,40,0,
2016-04-24,47,32,0,
2016-04-25,66,31,0,
2016-04-26,50,31,0,
2016-04-27,52,29,0,
2016-04-28,51,39,0,
2016-04-29,43,29,0,
2016-04-30,44,32,0,
2016-05-01,59,43,0,
2016-05-02,53,34,0,
2016-05-03,48,34,0,
2016-05-04,42,16,0,
2016-05-05,55,36,0,
2016-05-06,52,29,0,
2016-05-07,41,30,0,
2016-05-08,57,30,0,
2016-05-09,36,18,0,
2016-05-10,125,50,1,DíaMadre
2016-05-11,43,17,0,
2016-05-12,61,28,0,
2016-05-13,46,33,0,
2016-05-14,68,43,0,
2016-05-15,53,23,0,
2016-05-16,48,37,0,
2016-05-17,44,17,0,
2016-05-18,49,27,0,
2016-05-19,56,24,0,
2016-05-20,47,34,0,
2016-05-21,51,21,0,
2016-05-22,65,36,0,
2016-05-23,51,34,0,
2016-05-24,64,47,0,
2016-05-25,52,32,0,
2016-05-26,52,28,0,
2016-05-27,47,31,0,
2016-05-28,54,37,0,
2016-05-29,48,37,0,
2016-05-30,55,35,0,
2016-05-31,60,38,0,
2016-06-01,48,30,0,
2016-06-02,44,31,0,
2016-06-03,54,27,0,
2016-06-04,57,43,0,
2016-06-05,49,36,0,
2016-06-06,39,27,0,
2016-06-07,48,35,0,
2016-06-08,39,28,0,
2016-06-09,60,42,0,
2016-06-10,34,16,0,
2016-06-11,56,30,0,
2016-06-12,57,41,0,
2016-06-13,59,25,0,
2016-06-14,45,31,0,
2016-06-15,46,36,0,
2016-06-16,50,27,0,
2016-06-17,36,14,0,
2016-06-18,48,32,0,
2016-06-19,138,62,1,DíaPadre
2016-06-20,52,28,0,
2016-06-21,56,26,0,
2016-06-22,50,23,0,
2016-06-23,52,36,0,
2016-06-24,51,24,0,
2016-06-25,43,26,0,
2016-06-26,55,39,0,
2016-06-27,46,27,0,
2016-06-28,47,19,0,
2016-06-29,49,34,0,
2016-06-30,43,22,0,
2016-07-01,39,19,0,
2016-07-02,45,31,0,
2016-07-03,57,43,0,
2016-07-04,44,26,0,
2016-07-05,59,40,0,
2016-07-06,43,19,0,
2016-07-07,58,37,0,
2016-07-08,53,27,0,
2016-07-09,54,23,0,
2016-07-10,48,27,0,
2016-07-11,53,34,0,
2016-07-12,59,26,0,
2016-07-13,58,40,0,
2016-07-14,65,51,0,
2016-07-15,58,42,0,
2016-07-16,57,43,0,
2016-07-17,59,46,0,
2016-07-18,34,14,0,
2016-07-19,44,34,0,
2016-07-20,54,27,0,
2016-07-21,36,27,0,
2016-07-22,67,32,0,
2016-07-23,52,22,0,
2016-07-24,66,47,0,
2016-07-25,43,22,0,
2016-07-26,37,19,0,
2016-07-27,41,22,0,
2016-07-28,62,27,0,
2016-07-29,55,31,0,
2016-07-30,59,33,0,
2016-07-31,46,24,0,
2016-08-01,57,34,0,
2016-08-02,56,29,0,
2016-08-03,49,39,0,
2016-08-04,49,21,0,
2016-08-05,51,29,0,
2016-08-06,46,36,0,
2016-08-07,58,41,0,
2016-08-08,48,38,0,
2016-08-09,50,26,0,
2016-08-10,57,32,0,
2016-08-11,51,24,0,
2016-08-12,57,41,0,
2016-08-13,45,34,0,
2016-08-14,44,21,0,
2016-08-15,51,39,0,
2016-08-16,48,32,0,
2016-08-17,52,33,0,
2016-08-18,56,37,0,
2016-08-19,41,26,0,
2016-08-20,58,31,0,
2016-08-21,48,22,0,
2016-08-22,36,21,0,
2016-08-23,35,16,0,
2016-08-24,49,21,0,
2016-08-25,55,34,0,
2016-08-26,52,24,0,
2016-08-27,60,45,0,
2016-08-28,53,22,0,
2016-08-29,60,32,0,
2016-08-30,56,27,0,
2016-08-31,48,23,0,
2016-09-01,52,37,0,
2016-09-02,49,32,0,
2016-09-03,52,29,0,
2016-09-04,42,17,0,
2016-09-05,55,25,0,
2016-09-06,62,43,0,
2016-09-07,50,30,0,
2016-09-08,50,25,0,
2016-09-09,65,46,0,
2016-09-10,57,36,0,
2016-09-11,50,29,0,
2016-09-12,59,24,0,
2016-09-13,63,47,0,
2016-09-14,55,29,0,
2016-09-15,44,32,0,
2016-09-16,108,47,1,DíaIndependencia
2016-09-17,39,22,0,
2016-09-18,34,24,0,
2016-09-19,47,23,0,
2016-09-20,56,43,0,
2016-09-21,43,22,0,
2016-09-22,46,35,0,
2016-09-23,45,24,0,
2016-09-24,51,39,0,
2016-09-25,51,39,0,
2016-09-26,57,33,0,
2016-09-27,64,36,0,
2016-09-28,49,22,0,
2016-09-29,52,29,0,
2016-09-30,69,40,0,
2016-10-01,51,33,0,
2016-10-02,67,49,0,
2016-10-03,58,28,0,
2016-10-04,63,26,0,
2016-10-05,50,36,0,
2016-10-06,50,22,0,
2016-10-07,39,20,0,
2016-10-08,32,19,0,
2016-10-09,48,31,0,
2016-10-10,48,28,0,
2016-10-11,51,35,0,
2016-10-12,52,30,0,
2016-10-13,44,22,0,
2016-10-14,45,23,0,
2016-10-15,48,31,0,
2016-10-16,41,18,0,
2016-10-17,44,19,0,
2016-10-18,42,28,0,
2016-10-19,56,25,0,
2016-10-20,47,23,0,
2016-10-21,54,25,0,
2016-10-22,50,37,0,
2016-10-23,58,34,0,
2016-10-24,49,28,0,
2016-10-25,57,43,0,
2016-10-26,61,44,0,
2016-10-27,46,20,0,
2016-10-28,47,24,0,
2016-10-29,56,34,0,
2016-10-30,64,30,0,
2016-10-31,44,17,0,
2016-11-01,46,32,0,
2016-11-02,132,70,1,DíaMuertos
2016-11-03,44,17,0,
2016-11-04,52,31,0,
2016-11-05,65,26,0,
2016-11-06,53,27,0,
2016-11-07,55,24,0,
2016-11-08,43,18,0,
2016-11-09,59,35,0,
2016-11-10,50,37,0,
2016-11-11,49,20,0,
2016-11-12,54,30,0,
2016-11-13,51,40,0,
2016-11-14,50,37,0,
2016-11-15,61,32,0,
2016-11-16,53,24,0,
2016-11-17,54,34,0,
2016-11-18,58,39,0,
2016-11-19,46,35,0,
2016-11-20,89,36,1,RevoluciónMexicana
2016-11-21,61,48,0,
2016-11-22,57,27,0,
2016-11-23,54,32,0,
2016-11-24,47,30,0,
2016-11-25,54,36,0,
2016-11-26,46,25,0,
2016-11-27,46,29,0,
2016-11-28,44,24,0,
2016-11-29,67,42,0,
2016-11-30,40,28,0,
2016-12-01,38,18,0,
2016-12-02,54,30,0,
2016-12-03,52,37,0,
2016-12-04,47,29,0,
2016-12-05,37,27,0,
2016-12-06,66,29,0,
2016-12-07,56,32,0,
2016-12-08,48,23,0,
2016-12-09,49,21,0,
2016-12-10,53,22,0,
2016-12-11,55,37,0,
2016-12-12,46,33,0,
2016-12-13,61,26,0,
2016-12-14,53,30,0,
2016-12-15,47,35,0,
2016-12-16,48,30,0,
2016-12-17,54,29,0,
2016-12-18,55,36,0,
2016-12-19,44,32,0,
2016-12-20,51,33,0,
2016-12-21,47,25,0,
2016-12-22,55,29,0,
2016-12-23,52,30,0,
2016-12-24,51,38,0,
2016-12-25,128,88,1,Navidad
2016-12-26,62,30,0,
2016-12-27,51,40,0,
2016-12-28,52,24,0,
2016-12-29,54,24,0,
2016-12-30,41,28,0,
2016-12-31,46,36,0,
2017-01-01,109,57,1,AñoNuevo
2017-01-02,57,32,0,
2017-01-03,45,19,0,
2017-01-04,58,41,0,
2017-01-05,52,24,0,
2017-01-06,54,26,0,
2017-01-07,43,29,0,
2017-01-08,47,29,0,
2017-01-09,52,28,0,
2017-01-10,50,39,0,
2017-01-11,55,37,0,
2017-01-12,38,22,0,
2017-01-13,42,25,0,
2017-01-14,46,30,0,
2017-01-15,67,47,0,
2017-01-16,63,39,0,
2017-01-17,47,28,0,
2017-01-18,53,28,0,
2017-01-19,52,29,0,
2017-01-20,51,27,0,
2017-01-21,48,35,0,
2017-01-22,57,33,0,
2017-01-23,53,25,0,
2017-01-24,51,28,0,
2017-01-25,59,41,0,
2017-01-26,53,27,0,
2017-01-27,52,23,0,
2017-01-28,36,18,0,
2017-01-29,61,45,0,
2017-01-30,47,23,0,
2017-01-31,46,35,0,
2017-02-01,42,19,0,
2017-02-02,46,23,0,
2017-02-03,45,18,0,
2017-02-04,46,28,0,
2017-02-05,143,107,1,DíaConstitución
2017-02-06,46,24,0,
2017-02-07,54,41,0,
2017-02-08,41,26,0,
2017-02-09,50,35,0,
2017-02-10,49,31,0,
2017-02-11,35,17,0,
2017-02-12,54,38,0,
2017-02-13,46,23,0,
2017-02-14,61,27,0,
2017-02-15,50,35,0,
2017-02-16,57,26,0,
2017-02-17,44,34,0,
2017-02-18,58,29,0,
2017-02-19,43,21,0,
2017-02-20,47,27,0,
2017-02-21,55,23,0,
2017-02-22,50,30,0,
2017-02-23,53,37,0,
2017-02-24,51,33,0,
2017-02-25,59,40,0,
2017-02-26,44,34,0,
2017-02-27,44,23,0,
2017-02-28,53,37,0,
2017-03-01,75,31,0,
2017-03-02,52,27,0,
2017-03-03,48,34,0,
2017-03-04,42,21,0,
2017-03-05,44,24,0,
2017-03-06,62,39,0,
2017-03-07,47,33,0,
2017-03-08,49,21,0,
2017-03-09,51,23,0,
2017-03-10,53,37,0,
2017-03-11,43,31,0,
2017-03-12,56,37,0,
2017-03-13,46,30,0,
2017-03-14,53,37,0,
2017-03-15,64,26,0,
2017-03-16,56,33,0,
2017-03-17,52,36,0,
2017-03-18,46,22,0,
2017-03-19,60,45,0,
2017-03-20,39,25,0,
2017-03-21,86,63,1,BenitoJuárez
2017-03-22,46,31,0,
2017-03-23,51,40,0,
2017-03-24,39,23,0,
2017-03-25,47,23,0,
2017-03-26,55,32,0,
2017-03-27,56,22,0,
2017-03-28,51,34,0,
2017-03-29,57,44,0,
2017-03-30,45,19,0,
2017-03-31,50,37,0,
2017-04-01,50,26,0,
2017-04-02,55,34,0,
2017-04-03,48,23,0,
2017-04-04,40,27,0,
2017-04-05,51,36,0,
2017-04-06,57,43,0,
2017-04-07,48,29,0,
2017-04-08,60,31,0,
2017-04-09,49,37,0,
2017-04-10,47,27,0,
2017-04-11,51,32,0,
2017-04-12,39,28,0,
2017-04-13,49,23,0,
2017-04-14,145,91,1,SemanaSanta
2017-04-15,46,18,0,
2017-04-16,58,33,0,
2017-04-17,55,31,0,
2017-04-18,60,33,0,
2017-04-19,51,40,0,
2017-04-20,45,26,0,
2017-04-21,49,34,0,
2017-04-22,40,24,0,
2017-04-23,58,24,0,
2017-04-24,52,22,0,
2017-04-25,41,26,0,
2017-04-26,49,26,0,
2017-04-27,52,34,0,
2017-04-28,46,24,0,
2017-04-29,57,30,0,
2017-04-30,61,36,0,
2017-05-01,48,20,0,
2017-05-02,52,29,0,
2017-05-03,40,29,0,
2017-05-04,45,23,0,
2017-05-05,36,17,0,
2017-05-06,51,33,0,
2017-05-07,53,22,0,
2017-05-08,52,29,0,
2017-05-09,51,40,0,
2017-05-10,99,43,1,DíaMadre
2017-05-11,34,21,0,
2017-05-12,53,32,0,
2017-05-13,45,20,0,
2017-05-14,44,23,0,
2017-05-15,42,19,0,
2017-05-16,46,22,0,
2017-05-17,48,35,0,
2017-05-18,51,23,0,
2017-05-19,52,28,0,
2017-05-20,58,37,0,
2017-05-21,52,29,0,
2017-05-22,52,28,0,
2017-05-23,55,41,0,
2017-05-24,50,36,0,
2017-05-25,55,25,0,
2017-05-26,40,20,0,
2017-05-27,51,24,0,
2017-05-28,46,26,0,
2017-05-29,46,30,0,
2017-05-30,46,31,0,
2017-05-31,40,21,0,
2017-06-01,63,35,0,
2017-06-02,54,40,0,
2017-06-03,49,29,0,
2017-06-04,62,47,0,
2017-06-05,43,24,0,
2017-06-06,58,40,0,
2017-06-07,50,39,0,
2017-06-08,54,34,0,
2017-06-09,51,33,0,
2017-06-10,49,32,0,
2017-06-11,51,36,0,
2017-06-12,48,21,0,
2017-06-13,53,26,0,
2017-06-14,60,30,0,
2017-06-15,46,31,0,
2017-06-16,39,18,0,
2017-06-17,47,23,0,
2017-06-18,116,78,1,DíaPadre
2017-06-19,49,35,0,
2017-06-20,41,25,0,
2017-06-21,53,29,0,
2017-06-22,45,18,0,
2017-06-23,54,42,0,
2017-06-24,43,19,0,
2017-06-25,39,18,0,
2017-06-26,60,44,0,
2017-06-27,53,37,0,
2017-06-28,62,47,0,
2017-06-29,52,32,0,
2017-06-30,52,40,0,
2017-07-01,45,31,0,
2017-07-02,46,32,0,
2017-07-03,67,29,0,
2017-07-04,51,21,0,
2017-07-05,49,25,0,
2017-07-06,49,26,0,
2017-07-07,45,24,0,
2017-07-08,55,28,0,
2017-07-09,43,25,0,
2017-07-10,45,24,0,
2017-07-11,53,33,0,
2017-07-12,53,21,0,
2017-07-13,50,37,0,
2017-07-14,49,31,0,
2017-07-15,51,23,0,
2017-07-16,46,29,0,
2017-07-17,45,20,0,
2017-07-18,34,23,0,
2017-07-19,45,18,0,
2017-07-20,53,39,0,
2017-07-21,59,40,0,
2017-07-22,39,23,0,
2017-07-23,50,39,0,
2017-07-24,44,23,0,
2017-07-25,63,49,0,
2017-07-26,52,21,0,
2017-07-27,70,42,0,
2017-07-28,48,34,0,
2017-07-29,49,27,0,
2017-07-30,53,39,0,
2017-07-31,54,23,0,
2017-08-01,45,35,0,
2017-08-02,50,21,0,
2017-08-03,57,45,0,
2017-08-04,58,34,0,
2017-08-05,51,22,0,
2017-08-06,41,22,0,
2017-08-07,54,42,0,
2017-08-08,56,30,0,
2017-08-09,68,41,0,
2017-08-10,30,14,0,
2017-08-11,37,20,0,
2017-08-12,61,45,0,
2017-08-13,48,24,0,
2017-08-14,43,23,0,
2017-08-15,60,46,0,
2017-08-16,43,25,0,
2017-08-17,44,17,0,
2017-08-18,62,43,0,
2017-08-19,40,23,0,
2017-08-20,60,40,0,
2017-08-21,46,21,0,
2017-08-22,44,31,0,
2017-08-23,51,37,0,
2017-08-24,55,39,0,
2017-08-25,51,20,0,
2017-08-26,54,37,0,
2017-08-27,51,25,0,
2017-08-28,54,41,0,
2017-08-29,55,35,0,
2017-08-30,50,29,0,
2017-08-31,51,31,0,
2017-09-01,45,18,0,
2017-09-02,54,28,0,
2017-09-03,49,29,0,
2017-09-04,43,30,0,
2017-09-05,45,28,0,
2017-09-06,44,18,0,
2017-09-07,52,35,0,
2017-09-08,52,21,0,
2017-09-09,43,28,0,
2017-09-10,48,20,0,
2017-09-11,49,33,0,
2017-09-12,28,16,0,
2017-09-13,50,27,0,
2017-09-14,55,35,0,
2017-09-15,58,23,0,
2017-09-16,86,51,1,DíaIndependencia
2017-09-17,52,26,0,
2017-09-18,57,27,0,
2017-09-19,53,40,0,
2017-09-20,42,24,0,
2017-09-21,52,30,0,
2017-09-22,66,34,0,
2017-09-23,45,27,0,
2017-09-24,56,27,0,
2017-09-25,59,36,0,
2017-09-26,34,23,0,
2017-09-27,60,31,0,
2017-09-28,44,33,0,
2017-09-29,57,28,0,
2017-09-30,44,18,0,
2017-10-01,54,30,0,
2017-10-02,47,34,0,
2017-10-03,51,37,0,
2017-10-04,65,26,0,
2017-10-05,55,24,0,
2017-10-06,64,29,0,
2017-10-07,50,26,0,
2017-10-08,50,37,0,
2017-10-09,55,38,0,
2017-10-10,54,37,0,
2017-10-11,61,42,0,
2017-10-12,52,26,0,
2017-10-13,56,37,0,
2017-10-14,47,29,0,
2017-10-15,46,36,0,
2017-10-16,35,17,0,
2017-10-17,56,38,0,
2017-10-18,61,36,0,
2017-10-19,49,32,0,
2017-10-20,49,35,0,
2017-10-21,58,29,0,
2017-10-22,50,39,0,
2017-10-23,48,23,0,
2017-10-24,55,35,0,
2017-10-25,51,23,0,
2017-10-26,45,30,0,
2017-10-27,47,27,0,
2017-10-28,54,38,0,
2017-10-29,52,36,0,
2017-10-30,56,27,0,
2017-10-31,64,28,0,
2017-11-01,52,28,0,
2017-11-02,142,99,1,DíaMuertos
2017-11-03,58,37,0,
2017-11-04,55,23,0,
2017-11-05,43,24,0,
2017-11-06,47,20,0,
2017-11-07,36,14,0,
2017-11-08,41,30,0,
2017-11-09,52,30,0,
2017-11-10,51,35,0,
2017-11-11,46,36,0,
2017-11-12,36,20,0,
2017-11-13,58,42,0,
2017-11-14,62,47,0,
2017-11-15,65,29,0,
2017-11-16,53,27,0,
2017-11-17,57,38,0,
2017-11-18,46,36,0,
2017-11-19,58,26,0,
2017-11-20,111,58,1,RevoluciónMexicana
2017-11-21,54,28,0,
2017-11-22,61,44,0,
2017-11-23,54,23,0,
2017-11-24,42,30,0,
2017-11-25,46,21,0,
2017-11-26,43,20,0,
2017-11-27,59,35,0,
2017-11-28,54,25,0,
2017-11-29,52,24,0,
2017-11-30,43,22,0,
2017-12-01,62,34,0,
2017-12-02,51,36,0,
2017-12-03,54,28,0,
2017-12-04,46,32,0,
2017-12-05,47,31,0,
2017-12-06,46,31,0,
2017-12-07,32,20,0,
2017-12-08,44,31,0,
2017-12-09,54,39,0,
2017-12-10,59,45,0,
2017-12-11,51,31,0,
2017-12-12,46,20,0,
2017-12-13,63,49,0,
2017-12-14,52,37,0,
2017-12-15,56,34,0,
2017-12-16,44,29,0,
2017-12-17,53,22,0,
2017-12-18,62,45,0,
2017-12-19,48,33,0,
2017-12-20,56,42,0,
2017-12-21,47,27,0,
2017-12-22,42,28,0,
2017-12-23,45,23,0,
2017-12-24,46,34,0,
2017-12-25,131,83,1,Navidad
2017-12-26,48,23,0,
2017-12-27,47,32,0,
2017-12-28,43,30,0,
2017-12-29,60,35,0,
2017-12-30,61,43,0,
2017-12-31,51,28,0,
2018-01-01,84,54,1,AñoNuevo
2018-01-02,54,34,0,
2018-01-03,46,28,0,
2018-01-04,53,24,0,
2018-01-05,43,28,0,
2018-01-06,63,50,0,
2018-01-07,55,35,0,
2018-01-08,59,44,0,
2018-01-09,51,35,0,
2018-01-10,53,41,0,
2018-01-11,47,33,0,
2018-01-12,51,25,0,
2018-01-13,51,32,0,
2018-01-14,49,21,0,
2018-01-15,60,38,0,
2018-01-16,35,26,0,
2018-01-17,50,32,0,
2018-01-18,51,39,0,
2018-01-19,47,36,0,
2018-01-20,51,37,0,
2018-01-21,43,30,0,
2018-01-22,58,32,0,
2018-01-23,45,20,0,
2018-01-24,43,25,0,
2018-01-25,40,25,0,
2018-01-26,48,33,0,
2018-01-27,56,39,0,
2018-01-28,46,31,0,
2018-01-29,37,15,0,
2018-01-30,61,31,0,
2018-01-31,57,39,0,
2018-02-01,43,25,0,
2018-02-02,50,36,0,
2018-02-03,58,34,0,
2018-02-04,48,21,0,
2018-02-05,120,55,1,DíaConstitución
2018-02-06,48,26,0,
2018-02-07,44,19,0,
2018-02-08,51,24,0,
2018-02-09,48,37,0,
2018-02-10,44,29,0,
2018-02-11,39,27,0,
2018-02-12,46,30,0,
2018-02-13,47,37,0,
2018-02-14,45,25,0,
2018-02-15,57,41,0,
2018-02-16,43,29,0,
2018-02-17,48,33,0,
2018-02-18,51,21,0,
2018-02-19,58,36,0,
2018-02-20,63,38,0,
2018-02-21,51,32,0,
2018-02-22,43,28,0,
2018-02-23,62,46,0,
2018-02-24,54,31,0,
2018-02-25,52,21,0,
2018-02-26,51,26,0,
2018-02-27,47,36,0,
2018-02-28,53,23,0,
2018-03-01,67,47,0,
2018-03-02,59,43,0,
2018-03-03,64,38,0,
2018-03-04,43,25,0,
2018-03-05,65,43,0,
2018-03-06,53,40,0,
2018-03-07,46,31,0,
2018-03-08,58,25,0,
2018-03-09,52,22,0,
2018-03-10,46,22,0,
2018-03-11,48,35,0,
2018-03-12,44,32,0,
2018-03-13,39,27,0,
2018-03-14,51,25,0,
2018-03-15,52,26,0,
2018-03-16,42,28,0,
2018-03-17,59,31,0,
2018-03-18,52,31,0,
2018-03-19,48,33,0,
2018-03-20,56,26,0,
2018-03-21,101,67,1,BenitoJuárez
2018-03-22,49,34,0,
2018-03-23,54,40,0,
2018-03-24,55,36,0,
2018-03-25,53,37,0,
2018-03-26,59,43,0,
2018-03-27,55,24,0,
2018-03-28,45,26,0,
2018-03-29,43,26,0,
2018-03-30,148,63,1,SemanaSanta
2018-03-31,66,44,0,
2018-04-01,46,27,0,
2018-04-02,56,38,0,
2018-04-03,49,20,0,
2018-04-04,42,25,0,
2018-04-05,45,31,0,
2018-04-06,53,41,0,
2018-04-07,42,25,0,
2018-04-08,56,23,0,
2018-04-09,71,42,0,
2018-04-10,57,27,0,
2018-04-11,59,33,0,
2018-04-12,41,26,0,
2018-04-13,47,23,0,
2018-04-14,43,28,0,
2018-04-15,55,37,0,
2018-04-16,50,37,0,
2018-04-17,51,36,0,
2018-04-18,46,32,0,
2018-04-19,44,26,0,
2018-04-20,52,24,0,
2018-04-21,64,46,0,
2018-04-22,60,47,0,
2018-04-23,53,32,0,
2018-04-24,53,24,0,
2018-04-25,55,24,0,
2018-04-26,48,31,0,
2018-04-27,50,25,0,
2018-04-28,36,15,0,
2018-04-29,51,39,0,
2018-04-30,35,18,0,
2018-05-01,58,23,0,
2018-05-02,49,33,0,
2018-05-03,47,37,0,
2018-05-04,47,28,0,
2018-05-05,47,37,0,
2018-05-06,42,18,0,
2018-05-07,52,24,0,
2018-05-08,51,22,0,
2018-05-09,47,31,0,
2018-05-10,136,68,1,DíaMadre
2018-05-11,65,32,0,
2018-05-12,45,21,0,
2018-05-13,46,30,0,
2018-05-14,41,27,0,
2018-05-15,55,31,0,
2018-05-16,54,29,0,
2018-05-17,53,37,0,
2018-05-18,57,35,0,
2018-05-19,48,25,0,
2018-05-20,65,31,0,
2018-05-21,59,45,0,
2018-05-22,49,22,0,
2018-05-23,45,27,0,
2018-05-24,46,21,0,
2018-05-25,48,27,0,
2018-05-26,43,23,0,
2018-05-27,56,30,0,
2018-05-28,46,20,0,
2018-05-29,42,32,0,
2018-05-30,56,42,0,
2018-05-31,45,29,0,
2018-06-01,50,27,0,
2018-06-02,47,27,0,
2018-06-03,38,19,0,
2018-06-04,50,27,0,
2018-06-05,46,20,0,
2018-06-06,48,19,0,
2018-06-07,63,29,0,
2018-06-08,43,22,0,
2018-06-09,44,20,0,
2018-06-10,48,30,0,
2018-06-11,57,44,0,
2018-06-12,48,22,0,
2018-06-13,53,42,0,
2018-06-14,48,20,0,
2018-06-15,38,29,0,
2018-06-16,49,23,0,
2018-06-17,133,57,1,DíaPadre
2018-06-18,54,34,0,
2018-06-19,50,25,0,
2018-06-20,48,32,0,
2018-06-21,55,33,0,
2018-06-22,43,23,0,
2018-06-23,63,43,0,
2018-06-24,58,26,0,
2018-06-25,44,30,0,
2018-06-26,46,31,0,
2018-06-27,62,27,0,
2018-06-28,60,33,0,
2018-06-29,46,21,0,
2018-06-30,39,30,0,
2018-07-01,54,23,0,
2018-07-02,39,28,0,
2018-07-03,55,31,0,
2018-07-04,52,24,0,
2018-07-05,57,40,0,
2018-07-06,50,38,0,
2018-07-07,48,24,0,
2018-07-08,50,20,0,
2018-07-09,66,33,0,
2018-07-10,50,24,0,
2018-07-11,50,32,0,
2018-07-12,50,31,0,
2018-07-13,56,34,0,
2018-07-14,53,24,0,
2018-07-15,57,25,0,
2018-07-16,49,32,0,
2018-07-17,40,22,0,
2018-07-18,55,31,0,
2018-07-19,56,36,0,
2018-07-20,44,32,0,
2018-07-21,49,36,0,
2018-07-22,51,35,0,
2018-07-23,38,26,0,
2018-07-24,34,21,0,
2018-07-25,59,30,0,
2018-07-26,54,40,0,
2018-07-27,43,27,0,
2018-07-28,62,26,0,
2018-07-29,43,28,0,
2018-07-30,60,35,0,
2018-07-31,48,25,0,
2018-08-01,40,29,0,
2018-08-02,44,18,0,
2018-08-03,49,35,0,
2018-08-04,43,25,0,
2018-08-05,56,30,0,
2018-08-06,53,41,0,
2018-08-07,53,28,0,
2018-08-08,48,23,0,
2018-08-09,57,28,0,
2018-08-10,42,22,0,
2018-08-11,38,17,0,
2018-08-12,50,21,0,
2018-08-13,44,24,0,
2018-08-14,51,39,0,
2018-08-15,50,22,0,
2018-08-16,42,17,0,
2018-08-17,42,30,0,
2018-08-18,49,28,0,
2018-08-19,39,17,0,
2018-08-20,47,31,0,
2018-08-21,43,33,0,
2018-08-22,49,25,0,
2018-08-23,43,22,0,
2018-08-24,38,26,0,
2018-08-25,46,32,0,
2018-08-26,49,22,0,
2018-08-27,51,33,0,
2018-08-28,57,32,0,
2018-08-29,45,21,0,
2018-08-30,58,35,0,
2018-08-31,57,41,0,
2018-09-01,49,29,0,
2018-09-02,49,30,0,
2018-09-03,75,39,0,
2018-09-04,47,30,0,
2018-09-05,53,37,0,
2018-09-06,49,38,0,
2018-09-07,52,27,0,
2018-09-08,42,27,0,
2018-09-09,46,36,0,
2018-09-10,51,32,0,
2018-09-11,48,33,0,
2018-09-12,53,23,0,
2018-09-13,50,27,0,
2018-09-14,39,19,0,
2018-09-15,51,30,0,
2018-09-16,97,62,1,DíaIndependencia
2018-09-17,52,23,0,
2018-09-18,51,22,0,
2018-09-19,36,19,0,
2018-09-20,58,45,0,
2018-09-21,52,29,0,
2018-09-22,44,26,0,
2018-09-23,56,40,0,
2018-09-24,39,26,0,
2018-09-25,45,26,0,
2018-09-26,53,35,0,
2018-09-27,48,36,0,
2018-09-28,49,37,0,
2018-09-29,47,31,0,
2018-09-30,54,24,0,
2018-10-01,50,26,0,
2018-10-02,61,45,0,
2018-10-03,63,28,0,
2018-10-04,56,34,0,
2018-10-05,58,31,0,
2018-10-06,47,25,0,
2018-10-07,47,33,0,
2018-10-08,62,29,0,
2018-10-09,55,25,0,
2018-10-10,50,25,0,
2018-10-11,63,28,0,
2018-10-12,41,29,0,
2018-10-13,64,25,0,
2018-10-14,46,26,0,
2018-10-15,50,23,0,
2018-10-16,48,32,0,
2018-10-17,43,24,0,
2018-10-18,50,38,0,
2018-10-19,46,23,0,
2018-10-20,64,29,0,
2018-10-21,50,33,0,
2018-10-22,50,24,0,
2018-10-23,51,27,0,
2018-10-24,37,22,0,
2018-10-25,54,41,0,
2018-10-26,35,15,0,
2018-10-27,53,40,0,
2018-10-28,46,26,0,
2018-10-29,46,22,0,
2018-10-30,61,46,0,
2018-10-31,47,20,0,
2018-11-01,63,42,0,
2018-11-02,96,41,1,DíaMuertos
2018-11-03,53,35,0,
2018-11-04,48,23,0,
2018-11-05,61,26,0,
2018-11-06,53,41,0,
2018-11-07,52,29,0,
2018-11-08,56,38,0,
2018-11-09,49,19,0,
2018-11-10,52,26,0,
2018-11-11,47,26,0,
2018-11-12,44,20,0,
2018-11-13,41,22,0,
2018-11-14,47,34,0,
2018-11-15,47,26,0,
2018-11-16,56,43,0,
2018-11-17,51,21,0,
2018-11-18,51,28,0,
2018-11-19,50,22,0,
2018-11-20,117,92,1,RevoluciónMexicana
2018-11-21,60,40,0,
2018-11-22,40,29,0,
2018-11-23,60,29,0,
2018-11-24,52,29,0,
2018-11-25,37,22,0,
2018-11-26,42,28,0,
2018-11-27,43,24,0,
2018-11-28,61,27,0,
2018-11-29,45,31,0,
2018-11-30,60,36,0,
2018-12-01,54,30,0,
2018-12-02,56,42,0,
2018-12-03,69,42,0,
2018-12-04,40,17,0,
2018-12-05,45,28,0,
2018-12-06,53,33,0,
2018-12-07,41,30,0,
2018-12-08,48,38,0,
2018-12-09,60,46,0,
2018-12-10,54,37,0,
2018-12-11,47,28,0,
2018-12-12,43,21,0,
2018-12-13,48,30,0,
2018-12-14,36,21,0,
2018-12-15,44,30,0,
2018-12-16,55,26,0,
2018-12-17,41,31,0,
2018-12-18,61,47,0,
2018-12-19,53,30,0,
2018-12-20,53,36,0,
2018-12-21,73,39,0,
2018-12-22,57,36,0,
2018-12-23,54,25,0,
2018-12-24,56,33,0,
2018-12-25,134,96,1,Navidad
2018-12-26,39,21,0,
2018-12-27,51,27,0,
2018-12-28,57,25,0,
2018-12-29,48,21,0,
2018-12-30,45,34,0,
2018-12-31,54,42,0,
2019-01-01,159,83,1,AñoNuevo
2019-01-02,51,35,0,
2019-01-03,50,27,0,
2019-01-04,49,29,0,
2019-01-05,43,20,0,
2019-01-06,37,26,0,
2019-01-07,57,34,0,
2019-01-08,55,28,0,
2019-01-09,58,35,0,
2019-01-10,46,24,0,
2019-01-11,55,26,0,
2019-01-12,59,38,0,
2019-01-13,61,30,0,
2019-01-14,51,30,0,
2019-01-15,48,27,0,
2019-01-16,47,27,0,
2019-01-17,51,25,0,
2019-01-18,55,42,0,
2019-01-19,69,28,0,
2019-01-20,47,32,0,
2019-01-21,53,28,0,
2019-01-22,50,38,0,
2019-01-23,38,21,0,
2019-01-24,46,32,0,
2019-01-25,47,36,0,
2019-01-26,44,26,0,
2019-01-27,54,41,0,
2019-01-28,69,49,0,
2019-01-29,57,35,0,
2019-01-30,44,18,0,
2019-01-31,49,22,0,
2019-02-01,53,36,0,
2019-02-02,51,39,0,
2019-02-03,49,36,0,
2019-02-04,62,40,0,
2019-02-05,107,53,1,DíaConstitución
2019-02-06,46,20,0,
2019-02-07,47,25,0,
2019-02-08,45,33,0,
2019-02-09,36,16,0,
2019-02-10,53,39,0,
2019-02-11,42,30,0,
2019-02-12,40,22,0,
2019-02-13,51,31,0,
2019-02-14,39,23,0,
2019-02-15,57,23,0,
2019-02-16,52,32,0,
2019-02-17,56,41,0,
2019-02-18,53,22,0,
2019-02-19,53,25,0,
2019-02-20,66,49,0,
2019-02-21,38,19,0,
2019-02-22,43,20,0,
2019-02-23,48,20,0,
2019-02-24,64,43,0,
2019-02-25,61,32,0,
2019-02-26,52,23,0,
2019-02-27,49,37,0,
2019-02-28,46,30,0,
2019-03-01,54,27,0,
2019-03-02,44,21,0,
2019-03-03,45,33,0,
2019-03-04,47,36,0,
2019-03-05,64,32,0,
2019-03-06,52,28,0,
2019-03-07,43,30,0,
2019-03-08,51,21,0,
2019-03-09,53,23,0,
2019-03-10,58,30,0,
2019-03-11,40,25,0,
2019-03-12,56,32,0,
2019-03-13,56,31,0,
2019-03-14,49,24,0,
2019-03-15,41,24,0,
2019-03-16,55,31,0,
2019-03-17,41,24,0,
2019-03-18,52,34,0,
2019-03-19,56,41,0,
2019-03-20,54,36,0,
2019-03-21,145,100,1,BenitoJuárez
2019-03-22,56,23,0,
2019-03-23,43,28,0,
2019-03-24,47,23,0,
2019-03-25,61,31,0,
2019-03-26,46,30,0,
2019-03-27,50,24,0,
2019-03-28,49,37,0,
2019-03-29,47,34,0,
2019-03-30,53,25,0,
2019-03-31,47,34,0,
2019-04-01,43,29,0,
2019-04-02,44,20,0,
2019-04-03,48,26,0,
2019-04-04,45,18,0,
2019-04-05,49,28,0,
2019-04-06,52,34,0,
2019-04-07,61,28,0,
2019-04-08,51,22,0,
2019-04-09,49,20,0,
2019-04-10,44,20,0,
2019-04-11,54,34,0,
2019-04-12,48,20,0,
2019-04-13,49,23,0,
2019-04-14,53,21,0,
2019-04-15,53,25,0,
2019-04-16,51,24,0,
2019-04-17,43,27,0,
2019-04-18,36,18,0,
2019-04-19,144,86,1,SemanaSanta
2019-04-20,51,21,0,
2019-04-21,44,24,0,
2019-04-22,43,30,0,
2019-04-23,53,35,0,
2019-04-24,48,28,0,
2019-04-25,53,37,0,
2019-04-26,63,29,0,
2019-04-27,51,36,0,
2019-04-28,51,25,0,
2019-04-29,46,23,0,
2019-04-30,39,18,0,
2019-05-01,52,28,0,
2019-05-02,55,39,0,
2019-05-03,39,28,0,
2019-05-04,49,26,0,
2019-05-05,56,33,0,
2019-05-06,49,34,0,
2019-05-07,43,29,0,
2019-05-08,47,22,0,
2019-05-09,55,34,0,
2019-05-10,81,46,1,DíaMadre
2019-05-11,61,25,0,
2019-05-12,60,44,0,
2019-05-13,60,26,0,
2019-05-14,45,18,0,
2019-05-15,45,21,0,
2019-05-16,51,22,0,
2019-05-17,53,30,0,
2019-05-18,44,26,0,
2019-05-19,48,31,0,
2019-05-20,49,21,0,
2019-05-21,58,34,0,
2019-05-22,57,31,0,
2019-05-23,60,24,0,
2019-05-24,51,25,0,
2019-05-25,52,23,0,
2019-05-26,47,19,0,
2019-05-27,60,35,0,
2019-05-28,49,36,0,
2019-05-29,48,23,0,
2019-05-30,44,23,0,
2019-05-31,51,32,0,
2019-06-01,41,26,0,
2019-06-02,47,29,0,
2019-06-03,50,39,0,
2019-06-04,50,35,0,
2019-06-05,53,25,0,
2019-06-06,52,35,0,
2019-06-07,46,36,0,
2019-06-08,54,41,0,
2019-06-09,45,33,0,
2019-06-10,56,30,0,
2019-06-11,56,35,0,
2019-06-12,50,32,0,
2019-06-13,56,24,0,
2019-06-14,47,29,0,
2019-06-15,64,46,0,
2019-06-16,123,64,1,DíaPadre
2019-06-17,61,47,0,
2019-06-18,51,22,0,
2019-06-19,50,20,0,
2019-06-20,61,41,0,
2019-06-21,54,34,0,
2019-06-22,44,34,0,
2019-06-23,61,43,0,
2019-06-24,57,28,0,
2019-06-25,62,47,0,
2019-06-26,62,42,0,
2019-06-27,56,25,0,
2019-06-28,56,44,0,
2019-06-29,50,33,0,
2019-06-30,64,45,0,
2019-07-01,62,48,0,
2019-07-02,60,33,0,
2019-07-03,50,22,0,
2019-07-04,61,30,0,
2019-07-05,44,26,0,
2019-07-06,42,20,0,
2019-07-07,51,36,0,
2019-07-08,51,29,0,
2019-07-09,41,17,0,
2019-07-10,48,21,0,
2019-07-11,59,46,0,
2019-07-12,43,26,0,
2019-07-13,46,30,0,
2019-07-14,40,28,0,
2019-07-15,50,37,0,
2019-07-16,54,38,0,
2019-07-17,43,23,0,
2019-07-18,52,24,0,
2019-07-19,40,30,0,
2019-07-20,52,33,0,
2019-07-21,57,34,0,
2019-07-22,55,23,0,
2019-07-23,51,22,0,
2019-07-24,47,23,0,
2019-07-25,58,30,0,
2019-07-26,45,19,0,
2019-07-27,59,26,0,
2019-07-28,36,20,0,
2019-07-29,46,34,0,
2019-07-30,58,45,0,
2019-07-31,45,24,0,
2019-08-01,44,24,0,
2019-08-02,50,23,0,
2019-08-03,59,45,0,
2019-08-04,58,36,0,
2019-08-05,48,38,0,
2019-08-06,49,34,0,
2019-08-07,54,39,0,
2019-08-08,47,33,0,
2019-08-09,61,37,0,
2019-08-10,54,23,0,
2019-08-11,48,28,0,
2019-08-12,53,31,0,
2019-08-13,59,30,0,
2019-08-14,59,44,0,
2019-08-15,58,33,0,
2019-08-16,55,40,0,
2019-08-17,56,30,0,
2019-08-18,43,28,0,
2019-08-19,59,30,0,
2019-08-20,46,32,0,
2019-08-21,50,32,0,
2019-08-22,42,26,0,
2019-08-23,40,28,0,
2019-08-24,65,33,0,
2019-08-25,45,32,0,
2019-08-26,48,28,0,
2019-08-27,53,23,0,
2019-08-28,45,24,0,
2019-08-29,46,24,0,
2019-08-30,61,43,0,
2019-08-31,47,36,0,
2019-09-01,47,33,0,
2019-09-02,40,24,0,
2019-09-03,47,20,0,
2019-09-04,45,20,0,
2019-09-05,50,30,0,
2019-09-06,47,20,0,
2019-09-07,47,30,0,
2019-09-08,51,23,0,
2019-09-09,44,34,0,
2019-09-10,50,21,0,
2019-09-11,53,23,0,
2019-09-12,44,30,0,
2019-09-13,48,26,0,
2019-09-14,54,42,0,
2019-09-15,41,20,0,
2019-09-16,119,86,1,DíaIndependencia
2019-09-17,45,23,0,
2019-09-18,48,38,0,
2019-09-19,47,32,0,
2019-09-20,52,38,0,
2019-09-21,52,22,0,
2019-09-22,37,22,0,
2019-09-23,37,23,0,
2019-09-24,49,30,0,
2019-09-25,42,31,0,
2019-09-26,36,18,0,
2019-09-27,60,25,0,
2019-09-28,49,21,0,
2019-09-29,54,28,0,
2019-09-30,48,31,0,
2019-10-01,39,21,0,
2019-10-02,48,23,0,
2019-10-03,48,32,0,
2019-10-04,60,30,0,
2019-10-05,50,28,0,
2019-10-06,51,21,0,
2019-10-07,51,35,0,
2019-10-08,54,40,0,
2019-10-09,41,20,0,
2019-10-10,44,30,0,
2019-10-11,40,24,0,
2019-10-12,49,24,0,
2019-10-13,48,25,0,
2019-10-14,41,17,0,
2019-10-15,48,23,0,
2019-10-16,42,32,0,
2019-10-17,53,38,0,
2019-10-18,58,28,0,
2019-10-19,55,34,0,
2019-10-20,44,19,0,
2019-10-21,52,23,0,
2019-10-22,46,25,0,
2019-10-23,43,30,0,
2019-10-24,50,33,0,
2019-10-25,49,22,0,
2019-10-26,51,25,0,
2019-10-27,43,22,0,
2019-10-28,44,29,0,
2019-10-29,70,43,0,
2019-10-30,54,33,0,
2019-10-31,50,23,0,
2019-11-01,64,27,0,
2019-11-02,116,74,1,DíaMuertos
2019-11-03,52,32,0,
2019-11-04,40,27,0,
2019-11-05,60,41,0,
2019-11-06,57,34,0,
2019-11-07,36,22,0,
2019-11-08,42,26,0,
2019-11-09,56,31,0,
2019-11-10,49,22,0,
2019-11-11,51,28,0,
2019-11-12,52,23,0,
2019-11-13,53,25,0,
2019-11-14,40,22,0,
2019-11-15,45,28,0,
2019-11-16,49,30,0,
2019-11-17,60,37,0,
2019-11-18,53,22,0,
2019-11-19,58,39,0,
2019-11-20,91,61,1,RevoluciónMexicana
2019-11-21,55,41,0,
2019-11-22,63,33,0,
2019-11-23,61,27,0,
2019-11-24,29,13,0,
2019-11-25,48,24,0,
2019-11-26,51,34,0,
2019-11-27,53,37,0,
2019-11-28,50,29,0,
2019-11-29,52,24,0,
2019-11-30,42,19,0,
2019-12-01,48,27,0,
2019-12-02,46,28,0,
2019-12-03,54,31,0,
2019-12-04,42,21,0,
2019-12-05,48,34,0,
2019-12-06,47,35,0,
2019-12-07,49,31,0,
2019-12-08,54,37,0,
2019-12-09,47,20,0,
2019-12-10,48,22,0,
2019-12-11,57,44,0,
2019-12-12,39,26,0,
2019-12-13,73,55,0,
2019-12-14,55,24,0,
2019-12-15,46,19,0,
2019-12-16,40,18,0,
2019-12-17,45,19,0,
2019-12-18,61,34,0,
2019-12-19,47,28,0,
2019-12-20,48,33,0,
2019-12-21,45,21,0,
2019-12-22,53,25,0,
2019-12-23,55,36,0,
2019-12-24,50,25,0,
2019-12-25,79,42,1,Navidad
2019-12-26,57,40,0,
2019-12-27,42,23,0,
2019-12-28,61,24,0,
2019-12-29,57,28,0,
2019-12-30,38,26,0,
2019-12-31,51,22,0,
2020-01-01,126,55,1,AñoNuevo
2020-01-02,44,23,0,
2020-01-03,43,17,0,
2020-01-04,38,15,0,
2020-01-05,52,39,0,
2020-01-06,54,23,0,
2020-01-07,68,34,0,
2020-01-08,49,27,0,
2020-01-09,44,21,0,
2020-01-10,48,37,0,
2020-01-11,52,29,0,
2020-01-12,55,27,0,
2020-01-13,44,25,0,
2020-01-14,41,22,0,
2020-01-15,40,22,0,
2020-01-16,43,19,0,
2020-01-17,55,33,0,
2020-01-18,54,41,0,
2020-01-19,43,31,0,
2020-01-20,59,34,0,
2020-01-21,50,22,0,
2020-01-22,50,36,0,
2020-01-23,39,22,0,
2020-01-24,47,32,0,
2020-01-25,54,28,0,
2020-01-26,56,36,0,
2020-01-27,56,33,0,
2020-01-28,52,39,0,
2020-01-29,40,20,0,
2020-01-30,40,23,0,
2020-01-31,44,24,0,
2020-02-01,44,33,0,
2020-02-02,35,25,0,
2020-02-03,48,27,0,
2020-02-04,44,17,0,
2020-02-05,125,59,1,DíaConstitución
2020-02-06,53,34,0,
2020-02-07,56,32,0,
2020-02-08,57,27,0,
2020-02-09,52,33,0,
2020-02-10,64,41,0,
2020-02-11,50,38,0,
2020-02-12,51,22,0,
2020-02-13,54,31,0,
2020-02-14,67,53,0,
2020-02-15,42,30,0,
2020-02-16,46,29,0,
2020-02-17,47,29,0,
2020-02-18,56,35,0,
2020-02-19,52,33,0,
2020-02-20,46,33,0,
2020-02-21,57,40,0,
2020-02-22,53,36,0,
2020-02-23,59,45,0,
2020-02-24,55,30,0,
2020-02-25,49,23,0,
2020-02-26,51,34,0,
2020-02-27,52,28,0,
2020-02-28,55,35,0,
2020-02-29,44,33,0,
2020-03-01,38,28,0,
2020-03-02,59,27,0,
2020-03-03,50,24,0,
2020-03-04,51,36,0,
2020-03-05,50,23,0,
2020-03-06,55,29,0,
2020-03-07,46,21,0,
2020-03-08,37,27,0,
2020-03-09,45,29,0,
2020-03-10,57,31,0,
2020-03-11,53,25,0,
2020-03-12,63,35,0,
2020-03-13,44,31,0,
2020-03-14,50,37,0,
2020-03-15,49,36,0,
2020-03-16,70,35,0,
2020-03-17,43,33,0,
2020-03-18,49,34,0,
2020-03-19,49,32,0,
2020-03-20,57,32,0,
2020-03-21,121,91,1,BenitoJuárez
2020-03-22,43,29,0,
2020-03-23,46,22,0,
2020-03-24,46,27,0,
2020-03-25,49,38,0,
2020-03-26,51,21,0,
2020-03-27,52,25,0,
2020-03-28,45,28,0,
2020-03-29,48,22,0,
2020-03-30,51,26,0,
2020-03-31,50,35,0,
2020-04-01,37,22,0,
2020-04-02,46,26,0,
2020-04-03,59,24,0,
2020-04-04,49,25,0,
2020-04-05,60,30,0,
2020-04-06,43,32,0,
2020-04-07,41,20,0,
2020-04-08,49,34,0,
2020-04-09,44,29,0,
2020-04-10,138,92,1,SemanaSanta
2020-04-11,49,32,0,
2020-04-12,59,30,0,
2020-04-13,54,35,0,
2020-04-14,54,26,0,
2020-04-15,52,24,0,
2020-04-16,44,21,0,
2020-04-17,40,16,0,
2020-04-18,46,27,0,
2020-04-19,56,39,0,
2020-04-20,54,24,0,
2020-04-21,60,44,0,
2020-04-22,56,25,0,
2020-04-23,52,23,0,
2020-04-24,59,36,0,
2020-04-25,41,24,0,
2020-04-26,49,35,0,
2020-04-27,48,23,0,
2020-04-28,47,21,0,
2020-04-29,53,29,0,
2020-04-30,47,23,0,
2020-05-01,55,33,0,
2020-05-02,47,30,0,
2020-05-03,54,23,0,
2020-05-04,65,29,0,
2020-05-05,47,25,0,
2020-05-06,40,21,0,
2020-05-07,62,48,0,
2020-05-08,62,25,0,
2020-05-09,48,23,0,
2020-05-10,127,92,1,DíaMadre
2020-05-11,55,25,0,
2020-05-12,55,31,0,
2020-05-13,52,27,0,
2020-05-14,40,24,0,
2020-05-15,50,21,0,
2020-05-16,51,26,0,
2020-05-17,41,32,0,
2020-05-18,44,32,0,
2020-05-19,47,22,0,
2020-05-20,53,34,0,
2020-05-21,46,22,0,
2020-05-22,69,34,0,
2020-05-23,43,24,0,
2020-05-24,53,35,0,
2020-05-25,60,27,0,
2020-05-26,42,17,0,
2020-05-27,56,24,0,
2020-05-28,61,32,0,
2020-05-29,48,27,0,
2020-05-30,51,23,0,
2020-05-31,49,32,0,
2020-06-01,56,36,0,
2020-06-02,44,28,0,
2020-06-03,50,33,0,
2020-06-04,40,26,0,
2020-06-05,38,27,0,
2020-06-06,50,32,0,
2020-06-07,51,33,0,
2020-06-08,51,29,0,
2020-06-09,58,45,0,
2020-06-10,48,24,0,
2020-06-11,45,26,0,
2020-06-12,53,31,0,
2020-06-13,63,46,0,
2020-06-14,50,31,0,
2020-06-15,65,28,0,
2020-06-16,45,30,0,
2020-06-17,65,28,0,
2020-06-18,47,35,0,
2020-06-19,41,29,0,
2020-06-20,61,26,0,
2020-06-21,146,87,1,DíaPadre
2020-06-22,67,44,0,
2020-06-23,48,30,0,
2020-06-24,52,23,0,
2020-06-25,61,28,0,
2020-06-26,57,27,0,
2020-06-27,55,29,0,
2020-06-28,58,43,0,
2020-06-29,44,17,0,
2020-06-30,35,15,0,
2020-07-01,50,24,0,
2020-07-02,57,35,0,
2020-07-03,43,26,0,
2020-07-04,48,20,0,
2020-07-05,47,20,0,
2020-07-06,57,35,0,
2020-07-07,58,35,0,
2020-07-08,56,43,0,
2020-07-09,49,22,0,
2020-07-10,51,38,0,
2020-07-11,54,41,0,
2020-07-12,40,22,0,
2020-07-13,53,34,0,
2020-07-14,61,26,0,
2020-07-15,53,32,0,
2020-07-16,50,20,0,
2020-07-17,44,22,0,
2020-07-18,39,27,0,
2020-07-19,47,33,0,
2020-07-20,49,37,0,
2020-07-21,46,27,0,
2020-07-22,43,24,0,
2020-07-23,42,22,0,
2020-07-24,54,37,0,
2020-07-25,51,36,0,
2020-07-26,56,30,0,
2020-07-27,43,20,0,
2020-07-28,63,37,0,
2020-07-29,53,35,0,
2020-07-30,50,25,0,
2020-07-31,51,29,0,
2020-08-01,60,40,0,
2020-08-02,42,25,0,
2020-08-03,45,31,0,
2020-08-04,41,31,0,
2020-08-05,33,15,0,
2020-08-06,47,29,0,
2020-08-07,48,21,0,
2020-08-08,42,23,0,
2020-08-09,49,21,0,
2020-08-10,57,22,0,
2020-08-11,56,39,0,
2020-08-12,56,40,0,
2020-08-13,53,28,0,
2020-08-14,47,35,0,
2020-08-15,61,35,0,
2020-08-16,55,36,0,
2020-08-17,56,29,0,
2020-08-18,39,29,0,
2020-08-19,34,21,0,
2020-08-20,44,21,0,
2020-08-21,51,35,0,
2020-08-22,44,33,0,
2020-08-23,44,33,0,
2020-08-24,50,31,0,
2020-08-25,46,31,0,
2020-08-26,70,29,0,
2020-08-27,42,32,0,
2020-08-28,59,47,0,
2020-08-29,42,32,0,
2020-08-30,45,20,0,
2020-08-31,45,28,0,
2020-09-01,52,38,0,
2020-09-02,50,26,0,
2020-09-03,50,34,0,
2020-09-04,49,28,0,
2020-09-05,61,40,0,
2020-09-06,52,33,0,
2020-09-07,50,38,0,
2020-09-08,61,45,0,
2020-09-09,48,35,0,
2020-09-10,56,25,0,
2020-09-11,52,25,0,
2020-09-12,60,39,0,
2020-09-13,55,25,0,
2020-09-14,40,28,0,
2020-09-15,56,41,0,
2020-09-16,73,53,1,DíaIndependencia
2020-09-17,41,24,0,
2020-09-18,44,25,0,
2020-09-19,53,21,0,
2020-09-20,56,40,0,
2020-09-21,40,18,0,
2020-09-22,54,30,0,
2020-09-23,44,31,0,
2020-09-24,57,35,0,
2020-09-25,71,37,0,
2020-09-26,54,37,0,
2020-09-27,58,43,0,
2020-09-28,41,26,0,
2020-09-29,42,22,0,
2020-09-30,45,34,0,
2020-10-01,47,20,0,
2020-10-02,52,32,0,
2020-10-03,45,23,0,
2020-10-04,38,23,0,
2020-10-05,44,30,0,
2020-10-06,38,28,0,
2020-10-07,62,25,0,
2020-10-08,58,35,0,
2020-10-09,54,22,0,
2020-10-10,46,31,0,
2020-10-11,58,39,0,
2020-10-12,57,31,0,
2020-10-13,57,29,0,
2020-10-14,46,31,0,
2020-10-15,53,21,0,
2020-10-16,49,29,0,
2020-10-17,51,39,0,
2020-10-18,50,20,0,
2020-10-19,44,18,0,
2020-10-20,64,28,0,
2020-10-21,41,30,0,
2020-10-22,51,39,0,
2020-10-23,57,28,0,
2020-10-24,55,34,0,
2020-10-25,54,37,0,
2020-10-26,52,31,0,
2020-10-27,57,39,0,
2020-10-28,33,20,0,
2020-10-29,54,40,0,
2020-10-30,44,28,0,
2020-10-31,48,26,0,
2020-11-01,55,43,0,
2020-11-02,78,60,1,DíaMuertos
2020-11-03,48,24,0,
2020-11-04,59,41,0,
2020-11-05,50,39,0,
2020-11-06,54,33,0,
2020-11-07,37,18,0,
2020-11-08,47,30,0,
2020-11-09,51,27,0,
2020-11-10,56,27,0,
2020-11-11,55,28,0,
2020-11-12,57,36,0,
2020-11-13,58,44,0,
2020-11-14,43,20,0,
2020-11-15,54,39,0,
2020-11-16,50,32,0,
2020-11-17,42,20,0,
2020-11-18,59,40,0,
2020-11-19,42,16,0,
2020-11-20,115,59,1,RevoluciónMexicana
2020-11-21,53,23,0,
2020-11-22,51,26,0,
2020-11-23,49,31,0,
2020-11-24,35,19,0,
2020-11-25,56,42,0,
2020-11-26,60,35,0,
2020-11-27,36,21,0,
2020-11-28,52,27,0,
2020-11-29,51,36,0,
2020-11-30,69,49,0,
2020-12-01,45,34,0,
2020-12-02,55,25,0,
2020-12-03,50,20,0,
2020-12-04,59,36,0,
2020-12-05,42,17,0,
2020-12-06,50,38,0,
2020-12-07,40,25,0,
2020-12-08,41,24,0,
2020-12-09,45,32,0,
2020-12-10,52,27,0,
2020-12-11,55,27,0,
2020-12-12,54,34,0,
2020-12-13,57,42,0,
2020-12-14,58,28,0,
2020-12-15,50,39,0,
2020-12-16,47,21,0,
2020-12-17,39,24,0,
2020-12-18,48,28,0,
2020-12-19,44,24,0,
2020-12-20,56,34,0,
2020-12-21,53,28,0,
2020-12-22,39,16,0,
2020-12-23,50,22,0,
2020-12-24,52,26,0,
2020-12-25,152,65,1,Navidad
2020-12-26,37,24,0,
2020-12-27,49,38,0,
2020-12-28,54,31,0,
2020-12-29,53,35,0,
2020-12-30,59,31,0,
2020-12-31,60,27,0,
2021-01-01,92,41,1,AñoNuevo
2021-01-02,42,28,0,
2021-01-03,49,37,0,
2021-01-04,50,29,0,
2021-01-05,52,30,0,
2021-01-06,49,37,0,
2021-01-07,54,37,0,
2021-01-08,54,22,0,
2021-01-09,62,26,0,
2021-01-10,37,20,0,
2021-01-11,64,26,0,
2021-01-12,45,33,0,
2021-01-13,47,34,0,
2021-01-14,45,18,0,
2021-01-15,50,32,0,
2021-01-16,49,38,0,
2021-01-17,50,24,0,
2021-01-18,56,39,0,
2021-01-19,49,28,0,
2021-01-20,50,33,0,
2021-01-21,45,28,0,
2021-01-22,57,44,0,
2021-01-23,42,32,0,
2021-01-24,60,28,0,
2021-01-25,56,43,0,
2021-01-26,49,22,0,
2021-01-27,37,14,0,
2021-01-28,55,34,0,
2021-01-29,52,40,0,
2021-01-30,56,23,0,
2021-01-31,52,33,0,
2021-02-01,49,29,0,
2021-02-02,44,30,0,
2021-02-03,39,28,0,
2021-02-04,43,33,0,
2021-02-05,114,52,1,DíaConstitución
2021-02-06,46,27,0,
2021-02-07,58,39,0,
2021-02-08,63,38,0,
2021-02-09,55,25,0,
2021-02-10,56,43,0,
2021-02-11,48,24,0,
2021-02-12,65,26,0,
2021-02-13,44,29,0,
2021-02-14,41,22,0,
2021-02-15,54,21,0,
2021-02-16,45,31,0,
2021-02-17,42,27,0,
2021-02-18,50,28,0,
2021-02-19,53,37,0,
2021-02-20,52,32,0,
2021-02-21,51,35,0,
2021-02-22,61,43,0,
2021-02-23,57,43,0,
2021-02-24,42,23,0,
2021-02-25,46,31,0,
2021-02-26,54,30,0,
2021-02-27,47,31,0,
2021-02-28,56,44,0,
2021-03-01,38,23,0,
2021-03-02,55,37,0,
2021-03-03,49,35,0,
2021-03-04,58,34,0,
2021-03-05,46,24,0,
2021-03-06,51,22,0,
2021-03-07,41,29,0,
2021-03-08,55,43,0,
2021-03-09,54,24,0,
2021-03-10,50,21,0,
2021-03-11,49,37,0,
2021-03-12,52,27,0,
2021-03-13,44,33,0,
2021-03-14,44,19,0,
2021-03-15,39,18,0,
2021-03-16,45,30,0,
2021-03-17,50,24,0,
2021-03-18,56,24,0,
2021-03-19,45,30,0,
2021-03-20,47,31,0,
2021-03-21,103,77,1,BenitoJuárez
2021-03-22,52,32,0,
2021-03-23,55,34,0,
2021-03-24,52,31,0,
2021-03-25,58,38,0,
2021-03-26,42,23,0,
2021-03-27,57,31,0,
2021-03-28,45,24,0,
2021-03-29,54,22,0,
2021-03-30,39,23,0,
2021-03-31,46,22,0,
2021-04-01,45,29,0,
2021-04-02,85,65,1,SemanaSanta
2021-04-03,61,43,0,
2021-04-04,46,26,0,
2021-04-05,53,41,0,
2021-04-06,51,34,0,
2021-04-07,42,26,0,
2021-04-08,48,23,0,
2021-04-09,55,39,0,
2021-04-10,58,42,0,
2021-04-11,57,38,0,
2021-04-12,53,35,0,
2021-04-13,50,34,0,
2021-04-14,41,31,0,
2021-04-15,68,39,0,
2021-04-16,48,25,0,
2021-04-17,56,32,0,
2021-04-18,67,47,0,
2021-04-19,44,18,0,
2021-04-20,50,39,0,
2021-04-21,53,31,0,
2021-04-22,43,32,0,
2021-04-23,43,32,0,
2021-04-24,41,21,0,
2021-04-25,36,18,0,
2021-04-26,61,30,0,
2021-04-27,44,26,0,
2021-04-28,49,29,0,
2021-04-29,39,22,0,
2021-04-30,55,31,0,
2021-05-01,43,23,0,
2021-05-02,49,27,0,
2021-05-03,49,26,0,
2021-05-04,38,22,0,
2021-05-05,47,21,0,
2021-05-06,49,21,0,
2021-05-07,50,26,0,
2021-05-08,40,20,0,
2021-05-09,57,45,0,
2021-05-10,89,69,1,DíaMadre
2021-05-11,59,27,0,
2021-05-12,43,33,0,
2021-05-13,49,31,0,
2021-05-14,44,33,0,
2021-05-15,44,21,0,
2021-05-16,48,23,0,
2021-05-17,41,32,0,
2021-05-18,31,14,0,
2021-05-19,45,19,0,
2021-05-20,59,36,0,
2021-05-21,56,34,0,
2021-05-22,49,36,0,
2021-05-23,49,30,0,
2021-05-24,57,39,0,
2021-05-25,33,20,0,
2021-05-26,44,18,0,
2021-05-27,41,25,0,
2021-05-28,56,23,0,
2021-05-29,62,36,0,
2021-05-30,60,39,0,
2021-05-31,56,37,0,
2021-06-01,43,31,0,
2021-06-02,43,20,0,
2021-06-03,46,26,0,
2021-06-04,57,38,0,
2021-06-05,38,18,0,
2021-06-06,58,41,0,
2021-06-07,45,19,0,
2021-06-08,40,25,0,
2021-06-09,63,35,0,
2021-06-10,50,29,0,
2021-06-11,50,33,0,
2021-06-12,58,37,0,
2021-06-13,34,14,0,
2021-06-14,54,26,0,
2021-06-15,49,29,0,
2021-06-16,51,26,0,
2021-06-17,50,39,0,
2021-06-18,45,28,0,
2021-06-19,54,24,0,
2021-06-20,87,50,1,DíaPadre
2021-06-21,42,20,0,
2021-06-22,57,31,0,
2021-06-23,49,21,0,
2021-06-24,39,30,0,
2021-06-25,53,33,0,
2021-06-26,39,20,0,
2021-06-27,55,26,0,
2021-06-28,56,32,0,
2021-06-29,56,37,0,
2021-06-30,42,25,0,
2021-07-01,42,30,0,
2021-07-02,52,39,0,
2021-07-03,35,19,0,
2021-07-04,51,32,0,
2021-07-05,44,24,0,
2021-07-06,44,28,0,
2021-07-07,58,25,0,
2021-07-08,63,28,0,
2021-07-09,47,19,0,
2021-07-10,46,27,0,
2021-07-11,62,35,0,
2021-07-12,41,23,0,
2021-07-13,47,20,0,
2021-07-14,54,25,0,
2021-07-15,52,39,0,
2021-07-16,50,34,0,
2021-07-17,58,29,0,
2021-07-18,50,29,0,
2021-07-19,51,29,0,
2021-07-20,55,24,0,
2021-07-21,52,32,0,
2021-07-22,52,24,0,
2021-07-23,50,21,0,
2021-07-24,53,26,0,
2021-07-25,49,30,0,
2021-07-26,58,39,0,
2021-07-27,51,31,0,
2021-07-28,39,24,0,
2021-07-29,37,17,0,
2021-07-30,54,29,0,
2021-07-31,54,26,0,
2021-08-01,61,33,0,
2021-08-02,55,38,0,
2021-08-03,55,33,0,
2021-08-04,41,18,0,
2021-08-05,50,34,0,
2021-08-06,51,24,0,
2021-08-07,59,27,0,
2021-08-08,51,39,0,
2021-08-09,44,32,0,
2021-08-10,52,22,0,
2021-08-11,49,20,0,
2021-08-12,40,17,0,
2021-08-13,39,18,0,
2021-08-14,51,38,0,
2021-08-15,55,43,0,
2021-08-16,40,17,0,
2021-08-17,66,30,0,
2021-08-18,56,24,0,
2021-08-19,58,42,0,
2021-08-20,48,24,0,
2021-08-21,50,30,0,
2021-08-22,52,34,0,
2021-08-23,57,27,0,
2021-08-24,49,37,0,
2021-08-25,47,20,0,
2021-08-26,59,32,0,
2021-08-27,31,15,0,
2021-08-28,46,34,0,
2021-08-29,51,28,0,
2021-08-30,39,22,0,
2021-08-31,54,28,0,
2021-09-01,57,34,0,
2021-09-02,51,22,0,
2021-09-03,44,28,0,
2021-09-04,49,32,0,
2021-09-05,60,25,0,
2021-09-06,47,22,0,
2021-09-07,44,18,0,
2021-09-08,38,21,0,
2021-09-09,53,38,0,
2021-09-10,63,27,0,
2021-09-11,55,36,0,
2021-09-12,51,32,0,
2021-09-13,49,33,0,
2021-09-14,44,30,0,
2021-09-15,62,28,0,
2021-09-16,87,67,1,DíaIndependencia
2021-09-17,48,29,0,
2021-09-18,44,24,0,
2021-09-19,54,29,0,
2021-09-20,49,26,0,
2021-09-21,36,15,0,
2021-09-22,53,32,0,
2021-09-23,38,28,0,
2021-09-24,48,26,0,
2021-09-25,40,18,0,
2021-09-26,57,41,0,
2021-09-27,45,32,0,
2021-09-28,47,23,0,
2021-09-29,48,20,0,
2021-09-30,54,39,0,
2021-10-01,65,46,0,
2021-10-02,51,22,0,
2021-10-03,46,20,0,
2021-10-04,42,33,0,
2021-10-05,43,26,0,
2021-10-06,45,20,0,
2021-10-07,47,24,0,
2021-10-08,57,33,0,
2021-10-09,34,17,0,
2021-10-10,49,37,0,
2021-10-11,50,37,0,
2021-10-12,67,35,0,
2021-10-13,59,24,0,
2021-10-14,47,24,0,
2021-10-15,49,20,0,
2021-10-16,48,28,0,
2021-10-17,51,20,0,
2021-10-18,44,17,0,
2021-10-19,58,42,0,
2021-10-20,49,33,0,
2021-10-21,44,20,0,
2021-10-22,57,31,0,
2021-10-23,51,31,0,
2021-10-24,58,26,0,
2021-10-25,47,26,0,
2021-10-26,67,33,0,
2021-10-27,51,32,0,
2021-10-28,46,27,0,
2021-10-29,54,23,0,
2021-10-30,49,20,0,
2021-10-31,58,28,0,
2021-11-01,55,36,0,
2021-11-02,104,48,1,DíaMuertos
2021-11-03,53,41,0,
2021-11-04,48,36,0,
2021-11-05,58,26,0,
2021-11-06,40,24,0,
2021-11-07,55,23,0,
2021-11-08,41,20,0,
2021-11-09,42,26,0,
2021-11-10,46,27,0,
2021-11-11,49,39,0,
2021-11-12,60,37,0,
2021-11-13,48,35,0,
2021-11-14,45,33,0,
2021-11-15,46,18,0,
2021-11-16,45,34,0,
2021-11-17,54,38,0,
2021-11-18,44,34,0,
2021-11-19,69,54,0,
2021-11-20,123,96,1,RevoluciónMexicana
2021-11-21,37,15,0,
2021-11-22,65,35,0,
2021-11-23,53,26,0,
2021-11-24,52,34,0,
2021-11-25,44,31,0,
2021-11-26,54,28,0,
2021-11-27,51,20,0,
2021-11-28,47,26,0,
2021-11-29,52,29,0,
2021-11-30,53,30,0,
2021-12-01,37,16,0,
2021-12-02,42,32,0,
2021-12-03,43,24,0,
2021-12-04,42,30,0,
2021-12-05,56,26,0,
2021-12-06,56,34,0,
2021-12-07,49,31,0,
2021-12-08,50,28,0,
2021-12-09,43,33,0,
2021-12-10,50,28,0,
2021-12-11,51,37,0,
2021-12-12,47,25,0,
2021-12-13,55,42,0,
2021-12-14,51,23,0,
2021-12-15,35,22,0,
2021-12-16,49,23,0,
2021-12-17,44,22,0,
2021-12-18,44,19,0,
2021-12-19,65,39,0,
2021-12-20,54,29,0,
2021-12-21,54,30,0,
2021-12-22,51,28,0,
2021-12-23,48,36,0,
2021-12-24,37,28,0,
2021-12-25,97,41,1,Navidad
2021-12-26,57,28,0,
2021-12-27,60,45,0,
2021-12-28,47,35,0,
2021-12-29,41,32,0,
2021-12-30,51,37,0,
2021-12-31,41,23,0,
2022-01-01,109,52,1,AñoNuevo
2022-01-02,46,33,0,
2022-01-03,47,28,0,
2022-01-04,43,32,0,
2022-01-05,43,28,0,
2022-01-06,44,23,0,
2022-01-07,33,18,0,
2022-01-08,63,46,0,
2022-01-09,56,28,0,
2022-01-10,43,20,0,
2022-01-11,54,41,0,
2022-01-12,45,19,0,
2022-01-13,57,41,0,
2022-01-14,59,46,0,
2022-01-15,50,35,0,
2022-01-16,53,34,0,
2022-01-17,49,32,0,
2022-01-18,48,23,0,
2022-01-19,47,20,0,
2022-01-20,56,42,0,
2022-01-21,42,23,0,
2022-01-22,54,24,0,
2022-01-23,50,39,0,
2022-01-24,47,22,0,
2022-01-25,58,34,0,
2022-01-26,55,27,0,
2022-01-27,52,29,0,
2022-01-28,55,42,0,
2022-01-29,36,27,0,
2022-01-30,48,23,0,
2022-01-31,35,17,0,
2022-02-01,39,17,0,
2022-02-02,60,46,0,
2022-02-03,57,32,0,
2022-02-04,40,30,0,
2022-02-05,110,72,1,DíaConstitución
2022-02-06,57,29,0,
2022-02-07,44,25,0,
2022-02-08,49,39,0,
2022-02-09,48,29,0,
2022-02-10,54,24,0,
2022-02-11,54,37,0,
2022-02-12,53,29,0,
2022-02-13,54,31,0,
2022-02-14,46,36,0,
2022-02-15,55,37,0,
2022-02-16,51,27,0,
2022-02-17,51,25,0,
2022-02-18,43,31,0,
2022-02-19,57,32,0,
2022-02-20,48,35,0,
2022-02-21,52,32,0,
2022-02-22,49,33,0,
2022-02-23,48,24,0,
2022-02-24,47,20,0,
2022-02-25,54,23,0,
2022-02-26,47,20,0,
2022-02-27,49,29,0,
2022-02-28,47,22,0,
2022-03-01,56,43,0,
2022-03-02,55,31,0,
2022-03-03,50,31,0,
2022-03-04,47,28,0,
2022-03-05,62,47,0,
2022-03-06,50,20,0,
2022-03-07,47,33,0,
2022-03-08,46,21,0,
2022-03-09,51,37,0,
2022-03-10,49,26,0,
2022-03-11,53,39,0,
2022-03-12,54,34,0,
2022-03-13,56,26,0,
2022-03-14,43,33,0,
2022-03-15,52,39,0,
2022-03-16,49,33,0,
2022-03-17,57,39,0,
2022-03-18,50,37,0,
2022-03-19,47,21,0,
2022-03-20,47,28,0,
2022-03-21,92,45,1,BenitoJuárez
2022-03-22,56,24,0,
2022-03-23,55,29,0,
2022-03-24,45,27,0,
2022-03-25,38,21,0,
2022-03-26,44,18,0,
2022-03-27,54,39,0,
2022-03-28,57,32,0,
2022-03-29,49,29,0,
2022-03-30,53,39,0,
2022-03-31,49,22,0,
2022-04-01,45,28,0,
2022-04-02,62,41,0,
2022-04-03,50,24,0,
2022-04-04,52,24,0,
2022-04-05,49,30,0,
2022-04-06,44,28,0,
2022-04-07,47,25,0,
2022-04-08,56,28,0,
2022-04-09,54,23,0,
2022-04-10,45,27,0,
2022-04-11,53,22,0,
2022-04-12,38,19,0,
2022-04-13,58,28,0,
2022-04-14,47,26,0,
2022-04-15,128,98,1,SemanaSanta
2022-04-16,52,26,0,
2022-04-17,53,31,0,
2022-04-18,45,23,0,
2022-04-19,57,38,0,
2022-04-20,47,24,0,
2022-04-21,54,29,0,
2022-04-22,51,30,0,
2022-04-23,55,35,0,
2022-04-24,61,26,0,
2022-04-25,58,28,0,
2022-04-26,63,50,0,
2022-04-27,74,44,0,
2022-04-28,60,44,0,
2022-04-29,40,25,0,
2022-04-30,55,29,0,
2022-05-01,57,27,0,
2022-05-02,40,30,0,
2022-05-03,51,27,0,
2022-05-04,35,19,0,
2022-05-05,38,24,0,
2022-05-06,55,26,0,
2022-05-07,48,25,0,
2022-05-08,60,32,0,
2022-05-09,49,34,0,
2022-05-10,124,85,1,DíaMadre
2022-05-11,45,27,0,
2022-05-12,52,41,0,
2022-05-13,57,40,0,
2022-05-14,46,29,0,
2022-05-15,46,18,0,
2022-05-16,57,44,0,
2022-05-17,42,28,0,
2022-05-18,47,21,0,
2022-05-19,54,33,0,
2022-05-20,56,37,0,
2022-05-21,53,36,0,
2022-05-22,50,37,0,
2022-05-23,50,30,0,
2022-05-24,40,31,0,
2022-05-25,49,27,0,
2022-05-26,47,32,0,
2022-05-27,55,22,0,
2022-05-28,63,37,0,
2022-05-29,54,39,0,
2022-05-30,55,22,0,
2022-05-31,48,23,0,
2022-06-01,44,22,0,
2022-06-02,59,35,0,
2022-06-03,63,26,0,
2022-06-04,58,40,0,
2022-06-05,59,23,0,
2022-06-06,43,31,0,
2022-06-07,55,24,0,
2022-06-08,56,38,0,
2022-06-09,38,26,0,
2022-06-10,46,18,0,
2022-06-11,47,28,0,
2022-06-12,60,36,0,
2022-06-13,54,29,0,
2022-06-14,52,27,0,
2022-06-15,53,31,0,
2022-06-16,58,35,0,
2022-06-17,35,16,0,
2022-06-18,39,18,0,
2022-06-19,121,64,1,DíaPadre
2022-06-20,37,20,0,
2022-06-21,46,30,0,
2022-06-22,48,26,0,
2022-06-23,56,30,0,
2022-06-24,60,27,0,
2022-06-25,45,29,0,
2022-06-26,32,22,0,
2022-06-27,47,35,0,
2022-06-28,59,25,0,
2022-06-29,56,29,0,
2022-06-30,53,25,0,
2022-07-01,47,36,0,
2022-07-02,40,23,0,
2022-07-03,62,33,0,
2022-07-04,49,24,0,
2022-07-05,41,25,0,
2022-07-06,50,29,0,
2022-07-07,51,26,0,
2022-07-08,61,32,0,
2022-07-09,51,33,0,
2022-07-10,54,31,0,
2022-07-11,50,31,0,
2022-07-12,49,32,0,
2022-07-13,61,38,0,
2022-07-14,62,25,0,
2022-07-15,55,42,0,
2022-07-16,45,31,0,
2022-07-17,38,17,0,
2022-07-18,37,23,0,
2022-07-19,53,39,0,
2022-07-20,47,19,0,
2022-07-21,53,36,0,
2022-07-22,42,29,0,
2022-07-23,45,29,0,
2022-07-24,43,33,0,
2022-07-25,48,32,0,
2022-07-26,46,21,0,
2022-07-27,67,44,0,
2022-07-28,44,22,0,
2022-07-29,42,21,0,
2022-07-30,44,35,0,
2022-07-31,46,18,0,
2022-08-01,57,23,0,
2022-08-02,47,32,0,
2022-08-03,56,33,0,
2022-08-04,41,21,0,
2022-08-05,52,24,0,
2022-08-06,39,18,0,
2022-08-07,54,42,0,
2022-08-08,48,28,0,
2022-08-09,47,36,0,
2022-08-10,53,41,0,
2022-08-11,40,17,0,
2022-08-12,43,34,0,
2022-08-13,58,40,0,
2022-08-14,59,47,0,
2022-08-15,51,21,0,
2022-08-16,55,29,0,
2022-08-17,55,42,0,
2022-08-18,56,26,0,
2022-08-19,39,28,0,
2022-08-20,43,22,0,
2022-08-21,59,46,0,
2022-08-22,54,41,0,
2022-08-23,44,18,0,
2022-08-24,52,24,0,
2022-08-25,45,33,0,
2022-08-26,38,15,0,
2022-08-27,39,26,0,
2022-08-28,49,29,0,
2022-08-29,44,29,0,
2022-08-30,54,34,0,
2022-08-31,50,30,0,
2022-09-01,49,36,0,
2022-09-02,51,23,0,
2022-09-03,46,27,0,
2022-09-04,50,23,0,
2022-09-05,42,29,0,
2022-09-06,53,31,0,
2022-09-07,49,34,0,
2022-09-08,51,23,0,
2022-09-09,62,48,0,
2022-09-10,51,35,0,
2022-09-11,50,37,0,
2022-09-12,45,31,0,
2022-09-13,51,25,0,
2022-09-14,50,36,0,
2022-09-15,52,22,0,
2022-09-16,113,71,1,DíaIndependencia
2022-09-17,52,21,0,
2022-09-18,58,25,0,
2022-09-19,45,32,0,
2022-09-20,43,20,0,
2022-09-21,47,25,0,
2022-09-22,57,41,0,
2022-09-23,40,18,0,
2022-09-24,53,38,0,
2022-09-25,47,28,0,
2022-09-26,51,30,0,
2022-09-27,61,30,0,
2022-09-28,46,29,0,
2022-09-29,43,29,0,
2022-09-30,42,21,0,
2022-10-01,43,32,0,
2022-10-02,57,41,0,
2022-10-03,49,33,0,
2022-10-04,37,28,0,
2022-10-05,47,27,0,
2022-10-06,64,33,0,
2022-10-07,55,27,0,
2022-10-08,57,44,0,
2022-10-09,47,28,0,
2022-10-10,56,38,0,
2022-10-11,53,37,0,
2022-10-12,60,28,0,
2022-10-13,40,20,0,
2022-10-14,46,26,0,
2022-10-15,51,36,0,
2022-10-16,59,24,0,
2022-10-17,58,36,0,
2022-10-18,51,26,0,
2022-10-19,51,21,0,
2022-10-20,51,24,0,
2022-10-21,41,30,0,
2022-10-22,44,31,0,
2022-10-23,53,26,0,
2022-10-24,49,24,0,
2022-10-25,43,25,0,
2022-10-26,52,34,0,
2022-10-27,47,23,0,
2022-10-28,50,36,0,
2022-10-29,53,21,0,
2022-10-30,48,25,0,
2022-10-31,59,27,0,
2022-11-01,42,32,0,
2022-11-02,107,54,1,DíaMuertos
2022-11-03,54,35,0,
2022-11-04,49,29,0,
2022-11-05,50,32,0,
2022-11-06,45,34,0,
2022-11-07,45,28,0,
2022-11-08,43,18,0,
2022-11-09,48,30,0,
2022-11-10,48,35,0,
2022-11-11,49,27,0,
2022-11-12,46,18,0,
2022-11-13,51,28,0,
2022-11-14,52,29,0,
2022-11-15,48,19,0,
2022-11-16,56,24,0,
2022-11-17,40,18,0,
2022-11-18,46,28,0,
2022-11-19,47,34,0,
2022-11-20,105,66,1,RevoluciónMexicana
2022-11-21,66,34,0,
2022-11-22,63,25,0,
2022-11-23,49,26,0,
2022-11-24,43,26,0,
2022-11-25,50,27,0,
2022-11-26,51,37,0,
2022-11-27,44,30,0,
2022-11-28,56,30,0,
2022-11-29,54,31,0,
2022-11-30,41,24,0,
2022-12-01,61,36,0,
2022-12-02,56,25,0,
2022-12-03,54,41,0,
2022-12-04,53,29,0,
2022-12-05,56,24,0,
2022-12-06,59,29,0,
2022-12-07,51,28,0,
2022-12-08,58,28,0,
2022-12-09,59,27,0,
2022-12-10,50,35,0,
2022-12-11,42,17,0,
2022-12-12,45,30,0,
2022-12-13,52,21,0,
2022-12-14,45,26,0,
2022-12-15,68,29,0,
2022-12-16,51,25,0,
2022-12-17,53,32,0,
2022-12-18,52,21,0,
2022-12-19,57,44,0,
2022-12-20,54,29,0,
2022-12-21,45,23,0,
2022-12-22,46,30,0,
2022-12-23,62,45,0,
2022-12-24,48,31,0,
2022-12-25,103,80,1,Navidad
2022-12-26,37,26,0,
2022-12-27,63,27,0,
2022-12-28,49,33,0,
2022-12-29,42,29,0,
2022-12-30,43,31,0,
2022-12-31,52,29,0,
2023-01-01,101,76,1,AñoNuevo
2023-01-02,54,37,0,
2023-01-03,45,20,0,
2023-01-04,40,16,0,
2023-01-05,56,42,0,
2023-01-06,49,23,0,
2023-01-07,27,20,0,
2023-01-08,49,23,0,
2023-01-09,54,41,0,
2023-01-10,54,35,0,
2023-01-11,44,30,0,
2023-01-12,48,25,0,
2023-01-13,52,28,0,
2023-01-14,61,37,0,
2023-01-15,49,24,0,
2023-01-16,38,25,0,
2023-01-17,48,28,0,
2023-01-18,38,16,0,
2023-01-19,46,34,0,
2023-01-20,53,33,0,
2023-01-21,41,19,0,
2023-01-22,57,36,0,
2023-01-23,36,16,0,
2023-01-24,53,36,0,
2023-01-25,51,20,0,
2023-01-26,48,37,0,
2023-01-27,55,34,0,
2023-01-28,51,29,0,
2023-01-29,44,32,0,
2023-01-30,52,41,0,
2023-01-31,55,23,0,
2023-02-01,42,17,0,
2023-02-02,57,25,0,
2023-02-03,50,28,0,
2023-02-04,47,35,0,
2023-02-05,116,51,1,DíaConstitución
2023-02-06,68,29,0,
2023-02-07,44,26,0,
2023-02-08,66,46,0,
2023-02-09,48,28,0,
2023-02-10,46,21,0,
2023-02-11,65,32,0,
2023-02-12,54,33,0,
2023-02-13,47,24,0,
2023-02-14,54,40,0,
2023-02-15,54,27,0,
2023-02-16,56,43,0,
2023-02-17,45,32,0,
2023-02-18,54,28,0,
2023-02-19,46,23,0,
2023-02-20,54,38,0,
2023-02-21,44,24,0,
2023-02-22,53,25,0,
2023-02-23,43,20,0,
2023-02-24,62,35,0,
2023-02-25,57,24,0,
2023-02-26,53,40,0,
2023-02-27,54,32,0,
2023-02-28,52,38,0,
2023-03-01,51,23,0,
2023-03-02,46,20,0,
2023-03-03,48,25,0,
2023-03-04,59,31,0,
2023-03-05,46,28,0,
2023-03-06,53,29,0,
2023-03-07,47,25,0,
2023-03-08,47,28,0,
2023-03-09,45,29,0,
2023-03-10,57,24,0,
2023-03-11,54,39,0,
2023-03-12,54,22,0,
2023-03-13,51,24,0,
2023-03-14,49,24,0,
2023-03-15,46,20,0,
2023-03-16,48,30,0,
2023-03-17,47,33,0,
2023-03-18,44,21,0,
2023-03-19,61,25,0,
2023-03-20,49,21,0,
2023-03-21,126,64,1,BenitoJuárez
2023-03-22,38,23,0,
2023-03-23,54,32,0,
2023-03-24,50,28,0,
2023-03-25,67,42,0,
2023-03-26,38,26,0,
2023-03-27,43,34,0,
2023-03-28,61,42,0,
2023-03-29,38,15,0,
2023-03-30,44,20,0,
2023-03-31,54,30,0,
2023-04-01,43,23,0,
2023-04-02,53,26,0,
2023-04-03,48,29,0,
2023-04-04,46,33,0,
2023-04-05,67,44,0,
2023-04-06,53,42,0,
2023-04-07,137,84,1,SemanaSanta
2023-04-08,54,35,0,
2023-04-09,56,44,0,
2023-04-10,55,31,0,
2023-04-11,43,32,0,
2023-04-12,51,29,0,
2023-04-13,46,18,0,
2023-04-14,35,19,0,
2023-04-15,49,38,0,
2023-04-16,54,36,0,
2023-04-17,46,36,0,
2023-04-18,51,24,0,
2023-04-19,46,33,0,
2023-04-20,38,17,0,
2023-04-21,67,30,0,
2023-04-22,48,33,0,
2023-04-23,46,22,0,
2023-04-24,49,32,0,
2023-04-25,64,47,0,
2023-04-26,50,36,0,
2023-04-27,60,43,0,
2023-04-28,43,27,0,
2023-04-29,53,31,0,
2023-04-30,51,31,0,
2023-05-01,46,27,0,
2023-05-02,42,30,0,
2023-05-03,48,29,0,
2023-05-04,47,31,0,
2023-05-05,58,36,0,
2023-05-06,63,31,0,
2023-05-07,63,43,0,
2023-05-08,44,30,0,
2023-05-09,51,39,0,
2023-05-10,76,31,1,DíaMadre
2023-05-11,40,30,0,
2023-05-12,46,27,0,
2023-05-13,56,38,0,
2023-05-14,49,32,0,
2023-05-15,47,26,0,
2023-05-16,51,31,0,
2023-05-17,45,23,0,
2023-05-18,44,31,0,
2023-05-19,57,30,0,
2023-05-20,49,36,0,
2023-05-21,39,30,0,
2023-05-22,64,31,0,
2023-05-23,55,25,0,
2023-05-24,46,30,0,
2023-05-25,51,26,0,
2023-05-26,46,21,0,
2023-05-27,58,30,0,
2023-05-28,46,26,0,
2023-05-29,46,29,0,
2023-05-30,51,28,0,
2023-05-31,53,27,0,
2023-06-01,49,31,0,
2023-06-02,52,40,0,
2023-06-03,53,23,0,
2023-06-04,49,30,0,
2023-06-05,54,31,0,
2023-06-06,52,31,0,
2023-06-07,47,29,0,
2023-06-08,42,25,0,
2023-06-09,41,27,0,
2023-06-10,57,32,0,
2023-06-11,43,31,0,
2023-06-12,48,33,0,
2023-06-13,51,26,0,
2023-06-14,68,52,0,
2023-06-15,48,35,0,
2023-06-16,49,27,0,
2023-06-17,48,27,0,
2023-06-18,124,53,1,DíaPadre
2023-06-19,49,35,0,
2023-06-20,55,31,0,
2023-06-21,45,18,0,
2023-06-22,56,29,0,
2023-06-23,56,35,0,
2023-06-24,51,25,0,
2023-06-25,63,44,0,
2023-06-26,41,23,0,
2023-06-27,58,36,0,
2023-06-28,45,21,0,
2023-06-29,44,27,0,
2023-06-30,55,25,0,
2023-07-01,45,20,0,
2023-07-02,46,36,0,
2023-07-03,45,33,0,
2023-07-04,53,24,0,
2023-07-05,46,21,0,
2023-07-06,54,30,0,
2023-07-07,53,34,0,
2023-07-08,53,30,0,
2023-07-09,52,32,0,
2023-07-10,50,33,0,
2023-07-11,60,31,0,
2023-07-12,37,19,0,
2023-07-13,50,33,0,
2023-07-14,50,27,0,
2023-07-15,57,33,0,
2023-07-16,38,19,0,
2023-07-17,48,37,0,
2023-07-18,50,22,0,
2023-07-19,43,26,0,
2023-07-20,47,24,0,
2023-07-21,44,35,0,
2023-07-22,45,32,0,
2023-07-23,46,34,0,
2023-07-24,43,31,0,
2023-07-25,56,34,0,
2023-07-26,49,27,0,
2023-07-27,54,24,0,
2023-07-28,60,30,0,
2023-07-29,46,18,0,
2023-07-30,57,43,0,
2023-07-31,52,24,0,
2023-08-01,41,18,0,
2023-08-02,47,26,0,
2023-08-03,41,21,0,
2023-08-04,49,38,0,
2023-08-05,49,29,0,
2023-08-06,37,17,0,
2023-08-07,58,29,0,
2023-08-08,45,19,0,
2023-08-09,45,21,0,
2023-08-10,59,46,0,
2023-08-11,66,28,0,
2023-08-12,49,21,0,
2023-08-13,43,32,0,
2023-08-14,37,26,0,
2023-08-15,57,28,0,
2023-08-16,51,20,0,
2023-08-17,44,22,0,
2023-08-18,53,41,0,
2023-08-19,55,25,0,
2023-08-20,47,31,0,
2023-08-21,52,26,0,
2023-08-22,52,33,0,
2023-08-23,58,36,0,
2023-08-24,37,24,0,
2023-08-25,42,27,0,
2023-08-26,52,34,0,
2023-08-27,54,40,0,
2023-08-28,45,24,0,
2023-08-29,45,34,0,
2023-08-30,41,21,0,
2023-08-31,53,32,0,
2023-09-01,48,29,0,
2023-09-02,52,28,0,
2023-09-03,66,36,0,
2023-09-04,65,31,0,
2023-09-05,52,27,0,
2023-09-06,49,37,0,
2023-09-07,61,32,0,
2023-09-08,52,36,0,
2023-09-09,60,36,0,
2023-09-10,61,37,0,
2023-09-11,47,36,0,
2023-09-12,42,20,0,
2023-09-13,45,28,0,
2023-09-14,43,33,0,
2023-09-15,47,31,0,
2023-09-16,118,65,1,DíaIndependencia
2023-09-17,48,33,0,
2023-09-18,55,34,0,
2023-09-19,53,33,0,
2023-09-20,40,18,0,
2023-09-21,49,23,0,
2023-09-22,55,37,0,
2023-09-23,51,23,0,
2023-09-24,43,33,0,
2023-09-25,53,39,0,
2023-09-26,45,29,0,
2023-09-27,43,28,0,
2023-09-28,46,35,0,
2023-09-29,54,21,0,
2023-09-30,53,26,0,
2023-10-01,44,34,0,
2023-10-02,68,41,0,
2023-10-03,52,24,0,
2023-10-04,61,44,0,
2023-10-05,59,27,0,
2023-10-06,51,33,0,
2023-10-07,51,36,0,
2023-10-08,47,23,0,
2023-10-09,61,28,0,
2023-10-10,47,21,0,
2023-10-11,51,22,0,
2023-10-12,52,34,0,
2023-10-13,39,21,0,
2023-10-14,50,35,0,
2023-10-15,55,22,0,
2023-10-16,49,31,0,
2023-10-17,52,32,0,
2023-10-18,52,25,0,
2023-10-19,47,18,0,
2023-10-20,46,28,0,
2023-10-21,52,27,0,
2023-10-22,37,19,0,
2023-10-23,61,31,0,
2023-10-24,48,19,0,
2023-10-25,50,35,0,
2023-10-26,60,31,0,
2023-10-27,56,41,0,
2023-10-28,51,24,0,
2023-10-29,53,37,0,
2023-10-30,55,41,0,
2023-10-31,53,27,0,
2023-11-01,50,20,0,
2023-11-02,133,68,1,DíaMuertos
2023-11-03,43,28,0,
2023-11-04,49,21,0,
2023-11-05,42,27,0,
2023-11-06,45,35,0,
2023-11-07,55,23,0,
2023-11-08,49,24,0,
2023-11-09,40,19,0,
2023-11-10,47,34,0,
2023-11-11,38,25,0,
2023-11-12,39,20,0,
2023-11-13,56,43,0,
2023-11-14,54,23,0,
2023-11-15,47,27,0,
2023-11-16,40,17,0,
2023-11-17,58,27,0,
2023-11-18,54,35,0,
2023-11-19,48,20,0,
2023-11-20,100,60,1,RevoluciónMexicana
2023-11-21,55,42,0,
2023-11-22,41,18,0,
2023-11-23,52,35,0,
2023-11-24,42,33,0,
2023-11-25,55,40,0,
2023-11-26,48,21,0,
2023-11-27,51,37,0,
2023-11-28,36,17,0,
2023-11-29,36,25,0,
2023-11-30,49,22,0,
2023-12-01,59,25,0,
2023-12-02,48,25,0,
2023-12-03,55,41,0,
2023-12-04,48,32,0,
2023-12-05,55,26,0,
2023-12-06,47,28,0,
2023-12-07,60,41,0,
2023-12-08,54,40,0,
2023-12-09,55,43,0,
2023-12-10,58,24,0,
2023-12-11,54,27,0,
2023-12-12,63,33,0,
2023-12-13,51,22,0,
2023-12-14,45,30,0,
2023-12-15,48,37,0,
2023-12-16,45,27,0,
2023-12-17,53,34,0,
2023-12-18,54,40,0,
2023-12-19,49,31,0,
2023-12-20,46,30,0,
2023-12-21,50,25,0,
2023-12-22,59,39,0,
2023-12-23,53,32,0,
2023-12-24,41,25,0,
2023-12-25,102,40,1,Navidad
2023-12-26,48,25,0,
2023-12-27,57,36,0,
2023-12-28,65,47,0,
2023-12-29,57,29,0,
2023-12-30,43,20,0,
2023-12-31,36,15,0,
2024-01-01,139,69,1,AñoNuevo
2024-01-02,52,27,0,
2024-01-03,49,21,0,
2024-01-04,44,17,0,
2024-01-05,44,32,0,
2024-01-06,39,17,0,
2024-01-07,47,36,0,
2024-01-08,57,38,0,
2024-01-09,58,28,0,
2024-01-10,52,21,0,
2024-01-11,41,25,0,
2024-01-12,47,21,0,
2024-01-13,44,27,0,
2024-01-14,46,25,0,
2024-01-15,57,42,0,
2024-01-16,37,26,0,
2024-01-17,55,39,0,
2024-01-18,49,21,0,
2024-01-19,54,23,0,
2024-01-20,39,26,0,
2024-01-21,52,23,0,
2024-01-22,51,35,0,
2024-01-23,52,21,0,
2024-01-24,48,21,0,
2024-01-25,67,37,0,
2024-01-26,47,24,0,
2024-01-27,39,17,0,
2024-01-28,40,30,0,
2024-01-29,43,26,0,
2024-01-30,50,22,0,
2024-01-31,50,20,0,
2024-02-01,54,28,0,
2024-02-02,53,22,0,
2024-02-03,51,32,0,
2024-02-04,58,36,0,
2024-02-05,110,69,1,DíaConstitución
2024-02-06,45,18,0,
2024-02-07,55,28,0,
2024-02-08,57,45,0,
2024-02-09,54,26,0,
2024-02-10,65,26,0,
2024-02-11,49,36,0,
2024-02-12,44,20,0,
2024-02-13,53,27,0,
2024-02-14,38,15,0,
2024-02-15,40,30,0,
2024-02-16,46,28,0,
2024-02-17,45,27,0,
2024-02-18,49,32,0,
2024-02-19,40,23,0,
2024-02-20,48,30,0,
2024-02-21,53,28,0,
2024-02-22,43,23,0,
2024-02-23,42,26,0,
2024-02-24,52,40,0,
2024-02-25,55,27,0,
2024-02-26,49,26,0,
2024-02-27,48,27,0,
2024-02-28,46,31,0,
2024-02-29,57,26,0,
2024-03-01,50,21,0,
2024-03-02,48,27,0,
2024-03-03,41,24,0,
2024-03-04,60,35,0,
2024-03-05,63,33,0,
2024-03-06,56,25,0,
2024-03-07,61,27,0,
2024-03-08,42,22,0,
2024-03-09,47,20,0,
2024-03-10,52,40,0,
2024-03-11,53,26,0,
2024-03-12,55,24,0,
2024-03-13,53,27,0,
2024-03-14,46,24,0,
2024-03-15,47,22,0,
2024-03-16,54,37,0,
2024-03-17,54,41,0,
2024-03-18,64,33,0,
2024-03-19,54,30,0,
2024-03-20,56,43,0,
2024-03-21,76,42,1,BenitoJuárez
2024-03-22,45,22,0,
2024-03-23,42,22,0,
2024-03-24,51,27,0,
2024-03-25,55,41,0,
2024-03-26,47,36,0,
2024-03-27,52,31,0,
2024-03-28,55,40,0,
2024-03-29,140,101,1,SemanaSanta
2024-03-30,46,35,0,
2024-03-31,45,28,0,
2024-04-01,56,26,0,
2024-04-02,45,26,0,
2024-04-03,50,34,0,
2024-04-04,42,26,0,
2024-04-05,41,28,0,
2024-04-06,59,36,0,
2024-04-07,46,32,0,
2024-04-08,41,24,0,
2024-04-09,51,21,0,
2024-04-10,36,27,0,
2024-04-11,52,28,0,
2024-04-12,63,33,0,
2024-04-13,55,25,0,
2024-04-14,42,26,0,
2024-04-15,50,25,0,
2024-04-16,39,20,0,
2024-04-17,51,25,0,
2024-04-18,58,31,0,
2024-04-19,40,16,0,
2024-04-20,58,34,0,
2024-04-21,43,17,0,
2024-04-22,51,26,0,
2024-04-23,55,33,0,
2024-04-24,63,44,0,
2024-04-25,54,40,0,
2024-04-26,48,30,0,
2024-04-27,66,48,0,
2024-04-28,46,29,0,
2024-04-29,37,17,0,
2024-04-30,52,36,0,
2024-05-01,43,26,0,
2024-05-02,60,35,0,
2024-05-03,52,22,0,
2024-05-04,53,40,0,
2024-05-05,52,29,0,
2024-05-06,61,30,0,
2024-05-07,59,44,0,
2024-05-08,52,33,0,
2024-05-09,51,29,0,
2024-05-10,117,73,1,DíaMadre
2024-05-11,59,29,0,
2024-05-12,52,27,0,
2024-05-13,55,30,0,
2024-05-14,36,14,0,
2024-05-15,51,37,0,
2024-05-16,49,38,0,
2024-05-17,44,24,0,
2024-05-18,44,27,0,
2024-05-19,54,41,0,
2024-05-20,47,20,0,
2024-05-21,43,23,0,
2024-05-22,60,44,0,
2024-05-23,47,20,0,
2024-05-24,51,37,0,
2024-05-25,56,39,0,
2024-05-26,58,30,0,
2024-05-27,53,25,0,
2024-05-28,57,25,0,
2024-05-29,55,33,0,
2024-05-30,52,21,0,
2024-05-31,42,33,0,
2024-06-01,46,35,0,
2024-06-02,56,38,0,
2024-06-03,54,38,0,
2024-06-04,53,42,0,
2024-06-05,50,37,0,
2024-06-06,55,37,0,
2024-06-07,41,29,0,
2024-06-08,39,25,0,
2024-06-09,42,17,0,
2024-06-10,52,25,0,
2024-06-11,61,46,0,
2024-06-12,54,38,0,
2024-06-13,47,36,0,
2024-06-14,54,38,0,
2024-06-15,46,28,0,
2024-06-16,110,44,1,DíaPadre
2024-06-17,52,35,0,
2024-06-18,56,24,0,
2024-06-19,57,27,0,
2024-06-20,53,26,0,
2024-06-21,41,21,0,
2024-06-22,45,35,0,
2024-06-23,37,22,0,
2024-06-24,65,31,0,
2024-06-25,50,20,0,
2024-06-26,54,40,0,
2024-06-27,55,22,0,
2024-06-28,48,26,0,
2024-06-29,45,24,0,
2024-06-30,59,40,0,
2024-07-01,48,33,0,
2024-07-02,39,18,0,
2024-07-03,46,19,0,
2024-07-04,56,24,0,
2024-07-05,57,42,0,
2024-07-06,55,32,0,
2024-07-07,42,26,0,
2024-07-08,41,31,0,
2024-07-09,50,34,0,
2024-07-10,52,28,0,
2024-07-11,50,28,0,
2024-07-12,36,23,0,
2024-07-13,58,33,0,
2024-07-14,64,41,0,
2024-07-15,53,23,0,
2024-07-16,43,24,0,
2024-07-17,51,39,0,
2024-07-18,44,22,0,
2024-07-19,41,21,0,
2024-07-20,55,41,0,
2024-07-21,36,25,0,
2024-07-22,55,26,0,
2024-07-23,50,32,0,
2024-07-24,51,25,0,
2024-07-25,52,36,0,
2024-07-26,51,21,0,
2024-07-27,50,25,0,
2024-07-28,48,27,0,
2024-07-29,39,26,0,
2024-07-30,49,31,0,
2024-07-31,59,31,0,
2024-08-01,52,29,0,
2024-08-02,57,34,0,
2024-08-03,52,40,0,
2024-08-04,47,22,0,
2024-08-05,52,38,0,
2024-08-06,70,28,0,
2024-08-07,42,29,0,
2024-08-08,46,29,0,
2024-08-09,49,26,0,
2024-08-10,48,38,0,
2024-08-11,57,30,0,
2024-08-12,50,25,0,
2024-08-13,57,34,0,
2024-08-14,48,30,0,
2024-08-15,53,22,0,
2024-08-16,51,28,0,
2024-08-17,47,25,0,
2024-08-18,60,37,0,
2024-08-19,54,34,0,
2024-08-20,62,24,0,
2024-08-21,43,19,0,
2024-08-22,60,24,0,
2024-08-23,54,33,0,
2024-08-24,55,23,0,
2024-08-25,53,33,0,
2024-08-26,57,37,0,
2024-08-27,42,17,0,
2024-08-28,68,28,0,
2024-08-29,57,39,0,
2024-08-30,38,26,0,
2024-08-31,43,22,0,
2024-09-01,50,23,0,
2024-09-02,48,29,0,
2024-09-03,60,39,0,
2024-09-04,55,28,0,
2024-09-05,49,25,0,
2024-09-06,58,30,0,
2024-09-07,45,29,0,
2024-09-08,43,26,0,
2024-09-09,44,21,0,
2024-09-10,53,24,0,
2024-09-11,46,23,0,
2024-09-12,54,41,0,
2024-09-13,52,38,0,
2024-09-14,46,34,0,
2024-09-15,33,18,0,
2024-09-16,83,35,1,DíaIndependencia
2024-09-17,46,23,0,
2024-09-18,62,33,0,
2024-09-19,45,19,0,
2024-09-20,38,17,0,
2024-09-21,50,26,0,
2024-09-22,46,22,0,
2024-09-23,50,38,0,
2024-09-24,62,28,0,
2024-09-25,53,27,0,
2024-09-26,53,35,0,
2024-09-27,55,42,0,
2024-09-28,50,24,0,
2024-09-29,61,44,0,
2024-09-30,47,27,0,
2024-10-01,58,43,0,
2024-10-02,57,37,0,
2024-10-03,47,22,0,
2024-10-04,65,51,0,
2024-10-05,52,26,0,
2024-10-06,47,23,0,
2024-10-07,44,31,0,
2024-10-08,46,36,0,
2024-10-09,46,21,0,
2024-10-10,61,25,0,
2024-10-11,51,32,0,
2024-10-12,49,30,0,
2024-10-13,50,22,0,
2024-10-14,49,37,0,
2024-10-15,28,19,0,
2024-10-16,60,34,0,
2024-10-17,45,24,0,
2024-10-18,52,34,0,
2024-10-19,68,42,0,
2024-10-20,46,28,0,
2024-10-21,47,24,0,
2024-10-22,55,28,0,
2024-10-23,44,26,0,
2024-10-24,62,27,0,
2024-10-25,34,24,0,
2024-10-26,62,47,0,
2024-10-27,45,34,0,
2024-10-28,35,24,0,
2024-10-29,39,30,0,
2024-10-30,41,20,0,
2024-10-31,55,38,0,
2024-11-01,56,41,0,
2024-11-02,102,76,1,DíaMuertos
2024-11-03,60,45,0,
2024-11-04,47,19,0,
2024-11-05,58,33,0,
2024-11-06,57,33,0,
2024-11-07,47,36,0,
2024-11-08,52,27,0,
2024-11-09,50,36,0,
2024-11-10,46,29,0,
2024-11-11,50,25,0,
2024-11-12,61,30,0,
2024-11-13,48,21,0,
2024-11-14,58,35,0,
2024-11-15,51,30,0,
2024-11-16,42,17,0,
2024-11-17,61,44,0,
2024-11-18,44,31,0,
2024-11-19,49,34,0,
2024-11-20,106,76,1,RevoluciónMexicana
2024-11-21,53,22,0,
2024-11-22,41,25,0,
2024-11-23,52,24,0,
2024-11-24,47,32,0,
2024-11-25,57,41,0,
2024-11-26,41,29,0,
2024-11-27,54,39,0,
2024-11-28,47,24,0,
2024-11-29,45,24,0,
2024-11-30,41,31,0,
2024-12-01,52,24,0,
2024-12-02,49,36,0,
2024-12-03,51,38,0,
2024-12-04,51,24,0,
2024-12-05,46,24,0,
2024-12-06,44,28,0,
2024-12-07,50,37,0,
2024-12-08,55,39,0,
2024-12-09,37,23,0,
2024-12-10,50,21,0,
2024-12-11,46,21,0,
2024-12-12,37,17,0,
2024-12-13,56,30,0,
2024-12-14,49,37,0,
2024-12-15,58,44,0,
2024-12-16,58,27,0,
2024-12-17,52,30,0,
2024-12-18,61,40,0,
2024-12-19,57,33,0,
2024-12-20,48,30,0,
2024-12-21,55,42,0,
2024-12-22,48,31,0,
2024-12-23,49,34,0,
2024-12-24,59,41,0,
2024-12-25,91,58,1,Navidad
2024-12-26,54,28,0,
2024-12-27,46,34,0,
2024-12-28,63,35,0,
2024-12-29,58,38,0,
2024-12-30,46,21,0,
2024-12-31,47,35,0,
2025-01-01,87,65,1,AñoNuevo
2025-01-02,45,35,0,
2025-01-03,57,37,0,
2025-01-04,44,19,0,
2025-01-05,54,24,0,
2025-01-06,48,33,0,
2025-01-07,54,22,0,
2025-01-08,49,24,0,
2025-01-09,57,44,0,
2025-01-10,60,28,0,
2025-01-11,53,38,0,
2025-01-12,57,32,0,
2025-01-13,58,31,0,
2025-01-14,59,26,0,
2025-01-15,52,28,0,
2025-01-16,45,32,0,
2025-01-17,36,17,0,
2025-01-18,48,33,0,
2025-01-19,56,36,0,
2025-01-20,50,36,0,
2025-01-21,59,43,0,
2025-01-22,58,33,0,
2025-01-23,57,25,0,
2025-01-24,45,27,0,
2025-01-25,38,16,0,
2025-01-26,48,35,0,
2025-01-27,56,37,0,
2025-01-28,39,19,0,
2025-01-29,43,31,0,
2025-01-30,56,29,0,
2025-01-31,46,27,0,
2025-02-01,47,24,0,
2025-02-02,47,31,0,
2025-02-03,53,34,0,
2025-02-04,52,21,0,
2025-02-05,127,85,1,DíaConstitución
2025-02-06,48,22,0,
2025-02-07,58,40,0,
2025-02-08,47,21,0,
2025-02-09,55,22,0,
2025-02-10,38,25,0,
2025-02-11,47,25,0,
2025-02-12,48,29,0,
2025-02-13,66,40,0,
2025-02-14,45,27,0,
2025-02-15,61,31,0,
2025-02-16,44,19,0,
2025-02-17,44,31,0,
2025-02-18,52,35,0,
2025-02-19,57,31,0,
2025-02-20,51,24,0,
2025-02-21,52,39,0,
2025-02-22,51,23,0,
2025-02-23,55,26,0,
2025-02-24,47,34,0,
2025-02-25,47,35,0,
2025-02-26,51,37,0,
2025-02-27,52,36,0,
2025-02-28,46,22,0,
2025-03-01,42,20,0,
2025-03-02,57,41,0,
2025-03-03,61,28,0,
2025-03-04,53,34,0,
2025-03-05,44,30,0,
2025-03-06,40,25,0,
2025-03-07,40,17,0,
2025-03-08,35,25,0,
2025-03-09,45,32,0,
2025-03-10,47,37,0,
2025-03-11,49,31,0,
2025-03-12,54,37,0,
2025-03-13,41,29,0,
2025-03-14,50,33,0,
2025-03-15,49,25,0,
2025-03-16,59,28,0,
2025-03-17,45,23,0,
2025-03-18,51,29,0,
2025-03-19,57,29,0,
2025-03-20,54,22,0,
2025-03-21,119,52,1,BenitoJuárez
2025-03-22,60,30,0,
2025-03-23,44,31,0,
2025-03-24,54,37,0,
2025-03-25,60,47,0,
2025-03-26,47,21,0,
2025-03-27,49,30,0,
2025-03-28,50,31,0,
2025-03-29,52,27,0,
2025-03-30,54,34,0,
2025-03-31,52,33,0,
2025-04-01,58,43,0,
2025-04-02,43,31,0,
2025-04-03,43,25,0,
2025-04-04,55,28,0,
2025-04-05,42,30,0,
2025-04-06,48,28,0,
2025-04-07,52,40,0,
2025-04-08,54,32,0,
2025-04-09,53,32,0,
2025-04-10,46,31,0,
2025-04-11,55,34,0,
2025-04-12,63,26,0,
2025-04-13,43,26,0,
2025-04-14,43,20,0,
2025-04-15,52,31,0,
2025-04-16,39,26,0,
2025-04-17,50,33,0,
2025-04-18,85,58,1,SemanaSanta
2025-04-19,32,13,0,
2025-04-20,59,45,0,
2025-04-21,44,21,0,
2025-04-22,44,26,0,
2025-04-23,42,17,0,
2025-04-24,50,26,0,
2025-04-25,58,24,0,
2025-04-26,41,26,0,
2025-04-27,57,41,0,
2025-04-28,44,34,0,
2025-04-29,48,23,0,
2025-04-30,47,33,0,
2025-05-01,54,42,0,
2025-05-02,49,35,0,
2025-05-03,42,26,0,
2025-05-04,58,40,0,
2025-05-05,55,36,0,
2025-05-06,45,30,0,
2025-05-07,49,21,0,
2025-05-08,60,28,0,
2025-05-09,56,23,0,
2025-05-10,112,73,1,DíaMadre
2025-05-11,53,37,0,
2025-05-12,47,33,0,
2025-05-13,55,33,0,
2025-05-14,53,32,0,
2025-05-15,49,32,0,
2025-05-16,57,33,0,
2025-05-17,44,19,0,
2025-05-18,45,25,0,
2025-05-19,48,22,0,
2025-05-20,41,24,0,
2025-05-21,56,32,0,
2025-05-22,53,36,0,
2025-05-23,45,26,0,
2025-05-24,51,31,0,
2025-05-25,61,27,0,
2025-05-26,57,30,0,
2025-05-27,48,26,0,
2025-05-28,50,26,0,
2025-05-29,38,16,0,
2025-05-30,49,36,0,
2025-05-31,55,32,0,
2025-06-01,53,38,0,
2025-06-02,68,47,0,
2025-06-03,51,34,0,
2025-06-04,49,34,0,
2025-06-05,46,20,0,
2025-06-06,43,24,0,
2025-06-07,34,16,0,
2025-06-08,50,36,0,
2025-06-09,53,33,0,
2025-06-10,45,21,0,
2025-06-11,56,43,0,
2025-06-12,37,27,0,
2025-06-13,40,25,0,
2025-06-14,55,41,0,
2025-06-15,74,34,1,DíaPadre
2025-06-16,49,27,0,
2025-06-17,56,23,0,
2025-06-18,41,30,0,
2025-06-19,60,47,0,
2025-06-20,61,42,0,
2025-06-21,46,28,0,
2025-06-22,54,34,0,
2025-06-23,47,20,0,
2025-06-24,62,40,0,
2025-06-25,42,20,0,
2025-06-26,56,27,0,
2025-06-27,56,35,0,
2025-06-28,47,23,0,
2025-06-29,55,42,0,
2025-06-30,50,20,0,
2025-07-01,47,29,0,
2025-07-02,53,32,0,
2025-07-03,52,23,0,
2025-07-04,46,30,0,
2025-07-05,53,38,0,
2025-07-06,52,25,0,
2025-07-07,52,37,0,
2025-07-08,50,21,0,
2025-07-09,48,22,0,
2025-07-10,52,28,0,
2025-07-11,40,22,0,
2025-07-12,43,30,0,
2025-07-13,49,28,0,
2025-07-14,46,18,0,
2025-07-15,51,22,0,
2025-07-16,57,24,0,
2025-07-17,42,21,0,
2025-07-18,55,34,0,
2025-07-19,50,24,0,
2025-07-20,54,29,0,
2025-07-21,53,37,0,
2025-07-22,52,37,0,
2025-07-23,51,21,0,
2025-07-24,45,29,0,
2025-07-25,53,30,0,
2025-07-26,50,32,0,
2025-07-27,50,35,0,
2025-07-28,58,29,0,
2025-07-29,48,23,0,
2025-07-30,49,36,0,
2025-07-31,42,18,0,
2025-08-01,54,31,0,
2025-08-02,58,37,0,
2025-08-03,43,19,0,
2025-08-04,41,20,0,
2025-08-05,65,34,0,
2025-08-06,51,31,0,
2025-08-07,54,35,0,
2025-08-08,47,27,0,
2025-08-09,59,43,0,
2025-08-10,54,23,0,
2025-08-11,49,20,0,
2025-08-12,46,26,0,
2025-08-13,38,20,0,
2025-08-14,45,26,0,
2025-08-15,48,24,0,
2025-08-16,59,29,0,
2025-08-17,46,18,0,
2025-08-18,50,31,0,
2025-08-19,42,22,0,
2025-08-20,55,26,0,
2025-08-21,36,20,0,
2025-08-22,41,21,0,
2025-08-23,59,39,0,
2025-08-24,37,20,0,
2025-08-25,53,28,0,
2025-08-26,45,32,0,
2025-08-27,50,38,0,
2025-08-28,43,23,0,
2025-08-29,65,44,0,
2025-08-30,54,43,0,
2025-08-31,45,22,0,
2025-09-01,39,20,0,
2025-09-02,50,23,0,
2025-09-03,54,22,0,
2025-09-04,42,33,0,
2025-09-05,48,24,0,
2025-09-06,56,41,0,
2025-09-07,37,21,0,
2025-09-08,38,21,0,
2025-09-09,48,28,0,
2025-09-10,60,25,0,
2025-09-11,38,25,0,
2025-09-12,58,29,0,
2025-09-13,54,31,0,
2025-09-14,60,45,0,
2025-09-15,55,24,0,
2025-09-16,102,52,1,DíaIndependencia
2025-09-17,52,41,0,
2025-09-18,59,25,0,
2025-09-19,43,18,0,
2025-09-20,53,41,0,
2025-09-21,53,39,0,
2025-09-22,53,36,0,
2025-09-23,57,37,0,
2025-09-24,39,23,0,
2025-09-25,50,37,0,
2025-09-26,60,35,0,
2025-09-27,58,24,0,
2025-09-28,53,25,0,
2025-09-29,47,32,0,
2025-09-30,47,25,0,
2025-10-01,56,32,0,
2025-10-02,46,27,0,
2025-10-03,44,21,0,
2025-10-04,62,49,0,
2025-10-05,50,36,0,
2025-10-06,52,30,0,
2025-10-07,56,37,0,
2025-10-08,44,28,0,
2025-10-09,59,40,0,
2025-10-10,70,39,0,
2025-10-11,49,22,0,
2025-10-12,57,44,0,
2025-10-13,54,27,0,
2025-10-14,51,27,0,
2025-10-15,48,22,0,
2025-10-16,50,27,0,
2025-10-17,50,29,0,
2025-10-18,41,24,0,
2025-10-19,45,32,0,
2025-10-20,66,47,0,
2025-10-21,48,30,0,
2025-10-22,51,20,0,
2025-10-23,52,36,0,
2025-10-24,41,32,0,
2025-10-25,56,38,0,
2025-10-26,49,37,0,
2025-10-27,49,30,0,
2025-10-28,59,39,0,
2025-10-29,43,26,0,
2025-10-30,50,21,0,
2025-10-31,50,36,0,
2025-11-01,41,30,0,
2025-11-02,77,39,1,DíaMuertos
2025-11-03,47,32,0,
2025-11-04,47,35,0,
2025-11-05,56,28,0,
2025-11-06,45,32,0,
2025-11-07,54,43,0,
2025-11-08,50,36,0,
2025-11-09,61,41,0,
2025-11-10,49,31,0,
2025-11-11,45,18,0,
2025-11-12,63,25,0,
2025-11-13,48,35,0,
2025-11-14,42,29,0,
2025-11-15,44,21,0,
2025-11-16,56,41,0,
2025-11-17,55,41,0,
2025-11-18,51,40,0,
2025-11-19,45,34,0,
2025-11-20,160,103,1,RevoluciónMexicana
2025-11-21,45,35,0,
2025-11-22,60,28,0,
2025-11-23,52,32,0,
2025-11-24,45,33,0,
2025-11-25,51,20,0,
2025-11-26,41,29,0,
2025-11-27,40,25,0,
2025-11-28,47,36,0,
2025-11-29,56,28,0,
2025-11-30,53,24,0,
2025-12-01,53,36,0,
2025-12-02,53,37,0,
2025-12-03,63,31,0,
2025-12-04,47,23,0,
2025-12-05,44,32,0,
2025-12-06,50,29,0,
2025-12-07,42,18,0,
2025-12-08,47,31,0,
2025-12-09,47,26,0,
2025-12-10,44,34,0,
2025-12-11,54,30,0,
2025-12-12,49,30,0,
2025-12-13,62,49,0,
2025-12-14,49,24,0,
2025-12-15,39,23,0,
2025-12-16,49,20,0,
2025-12-17,65,26,0,
2025-12-18,34,19,0,
2025-12-19,56,38,0,
2025-12-20,55,35,0,
2025-12-21,56,29,0,
2025-12-22,53,34,0,
2025-12-23,58,39,0,
2025-12-24,59,26,0,
2025-12-25,128,77,1,Navidad
2025-12-26,49,33,0,
2025-12-27,51,35,0,
2025-12-28,53,42,0,
2025-12-29,55,39,0,
2025-12-30,55,31,0,
2025-12-31,60,43,0,
2026-01-01,99,47,1,AñoNuevo
2026-01-02,55,34,0,
2026-01-03,56,28,0,
2026-01-04,53,27,0,
2026-01-05,55,35,0,
2026-01-06,57,40,0,
2026-01-07,49,38,0,
2026-01-08,46,29,0,
2026-01-09,51,21,0,
2026-01-10,56,27,0,
2026-01-11,39,17,0,
2026-01-12,42,29,0,
2026-01-13,57,38,0,
2026-01-14,60,35,0,
2026-01-15,48,35,0,
2026-01-16,47,22,0,
2026-01-17,48,27,0,
2026-01-18,42,21,0,
2026-01-19,47,33,0,
2026-01-20,45,24,0,
2026-01-21,52,22,0,
2026-01-22,42,30,0,
2026-01-23,48,37,0,
2026-01-24,53,31,0,
2026-01-25,41,20,0,
2026-01-26,51,34,0,
2026-01-27,47,33,0,
2026-01-28,42,31,0,
2026-01-29,61,32,0,
2026-01-30,49,35,0,
2026-01-31,46,29,0,
2026-02-01,60,43,0,
2026-02-02,51,22,0,
2026-02-03,53,32,0,
2026-02-04,49,20,0,
2026-02-05,123,71,1,DíaConstitución
2026-02-06,47,24,0,
2026-02-07,41,20,0,
2026-02-08,58,45,0,
2026-02-09,39,24,0,
2026-02-10,55,28,0,
2026-02-11,43,17,0,
2026-02-12,58,27,0,
2026-02-13,52,24,0,
2026-02-14,56,24,0,
2026-02-15,48,35,0,
2026-02-16,49,33,0,
2026-02-17,54,34,0,
2026-02-18,66,42,0,
2026-02-19,51,23,0,
2026-02-20,51,40,0,
2026-02-21,56,44,0,
2026-02-22,56,31,0,
2026-02-23,55,39,0,
2026-02-24,54,32,0,
2026-02-25,46,24,0,
2026-02-26,52,36,0,
2026-02-27,49,37,0,
2026-02-28,45,23,0,
2026-03-01,53,26,0,
2026-03-02,44,21,0,
2026-03-03,55,22,0,
2026-03-04,45,20,0,
2026-03-05,48,22,0,
2026-03-06,42,29,0,
2026-03-07,59,26,0,
2026-03-08,47,37,0,
2026-03-09,45,26,0,
2026-03-10,56,27,0,
2026-03-11,53,32,0,
2026-03-12,46,33,0,
2026-03-13,46,20,0,
2026-03-14,53,27,0,
2026-03-15,43,32,0,
2026-03-16,51,20,0,
2026-03-17,55,24,0,
2026-03-18,53,34,0,
2026-03-19,45,24,0,
2026-03-20,44,27,0,
2026-03-21,88,36,1,BenitoJuárez
2026-03-22,45,35,0,
2026-03-23,47,27,0,
2026-03-24,38,23,0,
2026-03-25,50,30,0,
2026-03-26,51,21,0,
2026-03-27,47,24,0,
2026-03-28,41,19,0,
2026-03-29,56,28,0,
2026-03-30,39,22,0,
2026-03-31,42,19,0,
2026-04-01,40,17,0,
2026-04-02,55,42,0,
2026-04-03,97,41,1,SemanaSanta
2026-04-04,47,30,0,
2026-04-05,51,39,0,
2026-04-06,54,42,0,
2026-04-07,40,22,0,
2026-04-08,53,29,0,
2026-04-09,41,25,0,
2026-04-10,44,26,0,
2026-04-11,48,23,0,
2026-04-12,54,41,0,
2026-04-13,52,28,0,
2026-04-14,51,32,0,
2026-04-15,51,37,0,
2026-04-16,47,26,0,
2026-04-17,52,40,0,
2026-04-18,52,29,0,
2026-04-19,52,37,0,
2026-04-20,48,33,0,
2026-04-21,56,28,0,
2026-04-22,52,35,0,
2026-04-23,53,39,0,
2026-04-24,49,21,0,
2026-04-25,40,21,0,
2026-04-26,40,23,0,
2026-04-27,42,29,0,
2026-04-28,56,37,0,
2026-04-29,58,32,0,
2026-04-30,53,39,0,
2026-05-01,50,33,0,
2026-05-02,41,26,0,
2026-05-03,43,32,0,
2026-05-04,43,23,0,
2026-05-05,48,26,0,
2026-05-06,45,22,0,
2026-05-07,50,24,0,
2026-05-08,49,29,0,
2026-05-09,58,35,0,
2026-05-10,103,43,1,DíaMadre
2026-05-11,54,28,0,
2026-05-12,54,35,0,
2026-05-13,50,35,0,
2026-05-14,55,43,0,
2026-05-15,46,21,0,
2026-05-16,43,31,0,
2026-05-17,49,23,0,
2026-05-18,57,43,0,
2026-05-19,58,45,0,
2026-05-20,45,20,0,
2026-05-21,52,25,0,
2026-05-22,51,39,0,
2026-05-23,41,16,0,
2026-05-24,54,24,0,
2026-05-25,55,36,0,
2026-05-26,52,35,0,
2026-05-27,54,34,0,
2026-05-28,37,20,0,
2026-05-29,42,30,0,
2026-05-30,47,35,0,
2026-05-31,59,44,0,
2026-06-01,54,35,0,
2026-06-02,47,35,0,
2026-06-03,47,25,0,
2026-06-04,58,33,0,
2026-06-05,49,25,0,
2026-06-06,50,20,0,
2026-06-07,44,23,0,
2026-06-08,60,39,0,
2026-06-09,59,44,0,
2026-06-10,44,25,0,
2026-06-11,44,23,0,
2026-06-12,60,29,0,
2026-06-13,58,26,0,
2026-06-14,49,30,0,
2026-06-15,52,38,0,
2026-06-16,37,26,0,
2026-06-17,52,23,0,
2026-06-18,44,32,0,
2026-06-19,50,32,0,
2026-06-20,52,23,0,
2026-06-21,118,71,1,DíaPadre
2026-06-22,46,21,0,
2026-06-23,52,35,0,
2026-06-24,59,44,0,
2026-06-25,49,38,0,
2026-06-26,55,41,0,
2026-06-27,54,29,0,
2026-06-28,50,20,0,
2026-06-29,45,34,0,
2026-06-30,61,40,0,
2026-07-01,52,31,0,
2026-07-02,48,23,0,
2026-07-03,51,36,0,
2026-07-04,62,48,0,
2026-07-05,47,32,0,
2026-07-06,45,27,0,
2026-07-07,47,19,0,
2026-07-08,46,36,0,
2026-07-09,51,31,0,
2026-07-10,58,27,0,
2026-07-11,47,22,0,
2026-07-12,53,29,0,
2026-07-13,60,36,0,
2026-07-14,50,38,0,
2026-07-15,51,35,0,
2026-07-16,53,39,0,
2026-07-17,47,28,0,
2026-07-18,46,22,0,
2026-07-19,54,36,0,
2026-07-20,57,38,0,
2026-07-21,40,20,0,
2026-07-22,46,18,0,
2026-07-23,46,31,0,
2026-07-24,50,27,0,
2026-07-25,44,27,0,
2026-07-26,47,29,0,
2026-07-27,37,17,0,
2026-07-28,59,24,0,
2026-07-29,51,24,0,
2026-07-30,50,23,0,
2026-07-31,56,30,0,
2026-08-01,60,45,0,
2026-08-02,39,18,0,
2026-08-03,53,37,0,
2026-08-04,55,33,0,
2026-08-05,45,35,0,
2026-08-06,52,39,0,
2026-08-07,35,22,0,
2026-08-08,53,32,0,
2026-08-09,41,28,0,
2026-08-10,72,56,0,
2026-08-11,59,44,0,
2026-08-12,45,23,0,
2026-08-13,44,27,0,
2026-08-14,45,29,0,
2026-08-15,53,37,0,
2026-08-16,68,31,0,
2026-08-17,50,24,0,
2026-08-18,67,41,0,
2026-08-19,31,16,0,
2026-08-20,56,35,0,
2026-08-21,51,29,0,
2026-08-22,46,24,0,
2026-08-23,56,42,0,
2026-08-24,43,30,0,
2026-08-25,48,21,0,
2026-08-26,49,20,0,
2026-08-27,48,22,0,
2026-08-28,55,30,0,
2026-08-29,56,26,0,
2026-08-30,47,28,0,
2026-08-31,73,50,0,
2026-09-01,46,21,0,
2026-09-02,53,25,0,
2026-09-03,52,25,0,
2026-09-04,51,28,0,
2026-09-05,50,29,0,
2026-09-06,54,35,0,
2026-09-07,48,28,0,
2026-09-08,47,33,0,
2026-09-09,44,29,0,
2026-09-10,39,21,0,
2026-09-11,38,16,0,
2026-09-12,51,36,0,
2026-09-13,48,19,0,
2026-09-14,49,25,0,
2026-09-15,45,33,0,
2026-09-16,90,55,1,DíaIndependencia
2026-09-17,61,40,0,
2026-09-18,45,35,0,
2026-09-19,39,21,0,
2026-09-20,43,20,0,
2026-09-21,38,21,0,
2026-09-22,50,28,0,
2026-09-23,51,27,0,
2026-09-24,49,26,0,
2026-09-25,45,25,0,
2026-09-26,56,42,0,
2026-09-27,58,37,0,
2026-09-28,51,20,0,
2026-09-29,42,17,0,
2026-09-30,53,33,0,
2026-10-01,66,49,0,
2026-10-02,41,22,0,
2026-10-03,55,33,0,
2026-10-04,42,28,0,
2026-10-05,47,23,0,
2026-10-06,62,48,0,
2026-10-07,54,22,0,
2026-10-08,45,35,0,
2026-10-09,51,39,0,
2026-10-10,40,25,0,
2026-10-11,46,35,0,
2026-10-12,41,21,0,
2026-10-13,52,32,0,
2026-10-14,47,20,0,
2026-10-15,60,28,0,
2026-10-16,42,29,0,
2026-10-17,48,35,0,
2026-10-18,53,26,0,
2026-10-19,43,27,0,
2026-10-20,50,20,0,
2026-10-21,50,30,0,
2026-10-22,60,38,0,
2026-10-23,44,24,0,
2026-10-24,48,23,0,
2026-10-25,50,24,0,
2026-10-26,50,27,0,
2026-10-27,52,24,0,
2026-10-28,48,35,0,
2026-10-29,48,31,0,
2026-10-30,51,30,0,
2026-10-31,39,24,0,
2026-11-01,57,27,0,
2026-11-02,127,64,1,DíaMuertos
2026-11-03,56,43,0,
2026-11-04,53,27,0,
2026-11-05,44,25,0,
2026-11-06,51,36,0,
2026-11-07,50,39,0,
2026-11-08,49,21,0,
2026-11-09,42,31,0,
2026-11-10,47,30,0,
2026-11-11,52,28,0,
2026-11-12,45,34,0,
2026-11-13,59,44,0,
2026-11-14,60,37,0,
2026-11-15,56,39,0,
2026-11-16,60,44,0,
2026-11-17,54,35,0,
2026-11-18,57,30,0,
2026-11-19,59,31,0,
2026-11-20,130,57,1,RevoluciónMexicana
2026-11-21,62,25,0,
2026-11-22,44,35,0,
2026-11-23,50,34,0,
2026-11-24,48,35,0,
2026-11-25,43,25,0,
2026-11-26,50,27,0,
2026-11-27,53,29,0,
2026-11-28,40,18,0,
2026-11-29,47,21,0,
2026-11-30,37,19,0,
2026-12-01,55,27,0,
2026-12-02,36,16,0,
2026-12-03,44,34,0,
2026-12-04,42,24,0,
2026-12-05,60,31,0,
2026-12-06,48,28,0,
2026-12-07,41,26,0,
2026-12-08,52,21,0,
2026-12-09,51,33,0,
2026-12-10,54,42,0,
2026-12-11,48,31,0,
2026-12-12,45,21,0,
2026-12-13,53,33,0,
2026-12-14,54,34,0,
2026-12-15,53,23,0,
2026-12-16,50,20,0,
2026-12-17,55,25,0,
2026-12-18,47,26,0,
2026-12-19,50,30,0,
2026-12-20,57,32,0,
2026-12-21,56,44,0,
2026-12-22,52,29,0,
2026-12-23,52,36,0,
2026-12-24,40,29,0,
2026-12-25,138,61,1,Navidad
2026-12-26,48,36,0,
2026-12-27,43,20,0,
2026-12-28,51,37,0,
2026-12-29,42,24,0,
2026-12-30,56,36,0,
2026-12-31,45,25,0,
